n_era5,n_conus404,era5_mean,conus404_mean,mean_difference,era5_std,conus404_std,std_ratio,ks_statistic,ks_pvalue,p50_era5,p50_conus404,p50_difference,p50_percent_bias,p75_era5,p75_conus404,p75_difference,p75_percent_bias,p90_era5,p90_conus404,p90_difference,p90_percent_bias,p95_era5,p95_conus404,p95_difference,p95_percent_bias,p99_era5,p99_conus404,p99_difference,p99_percent_bias,year,variable,variable_name,units,metric_type,resolution_note
296100,904930,286.539093,286.746063,0.206970,10.690976,7.318513,0.684550,0.119230,0.000000,288.664856,287.336731,-1.328125,-0.460092,294.582031,292.583191,-1.998840,-0.678534,299.392029,296.527374,-2.864655,-0.956824,300.882904,297.566010,-3.316895,-1.102387,303.610504,298.480682,-5.129822,-1.689606,1980,t2m,2m Temperature,K,native_spatial_distribution,Native grids; not paired pixelwise
296100,904930,279.782990,280.087341,0.304352,10.395094,8.232942,0.792003,0.114610,0.000000,280.645111,278.879822,-1.765289,-0.629011,287.895782,287.497345,-0.398438,-0.138396,293.237457,292.177979,-1.059479,-0.361304,295.727905,293.596558,-2.131348,-0.720712,297.326080,294.546936,-2.779144,-0.934713,1980,d2m,2m Dewpoint,K,native_spatial_distribution,Native grids; not paired pixelwise
296100,904930,956.552002,957.706299,1.154297,72.347443,73.747299,1.019349,0.058100,0.000000,983.984802,987.291260,3.306458,0.336027,1014.660522,1015.601501,0.940979,0.092738,1017.458923,1017.121094,-0.337830,-0.033203,1018.325867,1017.442444,-0.883423,-0.086752,1019.945679,1018.090149,-1.855530,-0.181924,1980,sp,Surface Pressure,hPa,native_spatial_distribution,Native grids; not paired pixelwise
296100,904930,0.541017,0.393381,-0.147636,1.557724,1.385189,0.889239,0.073300,0.000000,0.568264,0.466300,-0.101964,-17.943073,1.315889,1.070040,-0.245848,-18.683054,2.326683,2.041920,-0.284763,-12.238995,3.173277,2.596853,-0.576423,-18.164928,4.733257,3.556303,-1.176954,-24.865618,1980,u10,10m U-Wind,m/s,native_spatial_distribution,Native grids; not paired pixelwise
296100,904930,-0.112813,-0.220510,-0.107697,1.802444,1.505850,0.835449,0.114820,0.000000,0.180805,0.056040,-0.124766,-69.005508,0.789365,0.499983,-0.289382,-36.660149,1.560985,1.025011,-0.535974,-34.335613,2.168275,1.335055,-0.833219,-38.427761,3.574048,1.958137,-1.615911,-45.212337,1980,v10,10m V-Wind,m/s,native_spatial_distribution,Native grids; not paired pixelwise
296100,904924,1.106106,0.736698,-0.369408,1.150320,0.890817,0.774408,0.201720,0.000000,0.865100,0.408281,-0.456819,-52.805332,1.682411,1.106878,-0.575532,-34.208797,2.707650,2.152638,-0.555012,-20.497906,3.576779,2.580269,-0.996510,-27.860531,4.655518,3.518519,-1.136998,-24.422594,1980,lai,Leaf Area Index,Index,native_spatial_distribution,Native grids; not paired pixelwise
296100,904930,286.824341,287.015411,0.191071,9.910414,6.811808,0.687338,0.111340,0.000000,288.742828,287.368591,-1.374237,-0.475938,294.394897,292.385803,-2.009094,-0.682449,298.814362,296.360413,-2.453949,-0.821229,300.362701,297.342834,-3.019867,-1.005407,302.131409,298.134552,-3.996857,-1.322887,1981,t2m,2m Temperature,K,native_spatial_distribution,Native grids; not paired pixelwise
296100,904930,280.304596,280.746185,0.441589,9.860492,7.592828,0.770025,0.134360,0.000000,281.278748,279.868042,-1.410706,-0.501533,287.923584,287.495361,-0.428223,-0.148728,293.176453,291.787384,-1.389069,-0.473800,295.708374,293.170654,-2.537720,-0.858183,297.345123,294.129517,-3.215607,-1.081439,1981,d2m,2m Dewpoint,K,native_spatial_distribution,Native grids; not paired pixelwise
296100,904930,956.463440,957.627930,1.164490,72.242050,73.667694,1.019734,0.070030,0.000000,983.886353,987.170959,3.284607,0.333840,1014.157959,1015.451416,1.293457,0.127540,1017.352356,1017.045715,-0.306641,-0.030141,1018.781250,1017.340637,-1.440613,-0.141406,1020.868835,1018.069214,-2.799622,-0.274239,1981,sp,Surface Pressure,hPa,native_spatial_distribution,Native grids; not paired pixelwise
296100,904930,0.524736,0.391406,-0.133330,1.694813,1.404872,0.828924,0.068060,0.000000,0.536900,0.488980,-0.047920,-8.925340,1.348532,1.087278,-0.261254,-19.373211,2.373132,2.047911,-0.325221,-13.704279,3.396643,2.558435,-0.838208,-24.677547,5.213392,3.450195,-1.763197,-33.820530,1981,u10,10m U-Wind,m/s,native_spatial_distribution,Native grids; not paired pixelwise
296100,904930,-0.161024,-0.273134,-0.112110,1.797688,1.566482,0.871387,0.124670,0.000000,0.139462,0.065176,-0.074286,-53.266232,0.806614,0.456050,-0.350565,-43.461243,1.520538,0.985953,-0.534585,-35.157604,2.063364,1.291268,-0.772095,-37.419258,3.153326,1.921396,-1.231930,-39.067638,1981,v10,10m V-Wind,m/s,native_spatial_distribution,Native grids; not paired pixelwise
296100,904924,1.106045,0.737640,-0.368405,1.150296,0.891951,0.775409,0.201550,0.000000,0.864980,0.408680,-0.456300,-52.752701,1.682294,1.108200,-0.574094,-34.125641,2.707469,2.156048,-0.551420,-20.366640,3.576682,2.584502,-0.992180,-27.740240,4.655518,3.521620,-1.133897,-24.355988,1981,lai,Leaf Area Index,Index,native_spatial_distribution,Native grids; not paired pixelwise
296100,904930,286.194946,286.487915,0.292969,10.842720,7.584173,0.699471,0.115570,0.000000,288.548676,287.047302,-1.501373,-0.520319,294.512543,292.737701,-1.774841,-0.602637,298.671082,296.746063,-1.925018,-0.644528,300.121155,297.864471,-2.256683,-0.751924,302.268555,298.678009,-3.590546,-1.187866,1982,t2m,2m Temperature,K,native_spatial_distribution,Native grids; not paired pixelwise
296100,904930,279.969482,280.253418,0.283936,10.708315,8.418703,0.786184,0.129730,0.000000,281.541138,279.196228,-2.344910,-0.832883,288.319000,287.486664,-0.832336,-0.288686,293.098755,292.731049,-0.367706,-0.125455,295.657654,294.061951,-1.595703,-0.539713,296.962280,294.965851,-1.996429,-0.672284,1982,d2m,2m Dewpoint,K,native_spatial_distribution,Native grids; not paired pixelwise
296100,904930,956.807800,957.951294,1.143494,72.878036,74.273346,1.019146,0.057650,0.000000,984.640015,987.923767,3.283752,0.333498,1014.935608,1015.991821,1.056213,0.104067,1018.169922,1018.045654,-0.124268,-0.012205,1019.370605,1018.561890,-0.808716,-0.079335,1021.348572,1018.967346,-2.381226,-0.233145,1982,sp,Surface Pressure,hPa,native_spatial_distribution,Native grids; not paired pixelwise
296100,904930,0.313554,0.177824,-0.135730,1.698063,1.516364,0.892996,0.063860,0.000000,0.451795,0.385163,-0.066632,-14.748363,1.218578,0.977149,-0.241428,-19.812313,2.170576,1.803712,-0.366864,-16.901699,2.882766,2.240813,-0.641953,-22.268635,4.519112,3.566256,-0.952856,-21.085033,1982,u10,10m U-Wind,m/s,native_spatial_distribution,Native grids; not paired pixelwise
296100,904930,0.030236,-0.146084,-0.176319,1.710947,1.522599,0.889916,0.127110,0.000000,0.307616,0.202646,-0.104969,-34.123528,0.911099,0.595561,-0.315538,-34.632710,1.616945,1.021990,-0.594955,-36.795010,2.157268,1.315386,-0.841882,-39.025394,3.261283,2.016326,-1.244956,-38.173824,1982,v10,10m V-Wind,m/s,native_spatial_distribution,Native grids; not paired pixelwise
296100,904924,1.106045,0.737640,-0.368405,1.150296,0.891951,0.775410,0.201550,0.000000,0.864980,0.408680,-0.456300,-52.752701,1.682294,1.108200,-0.574094,-34.125641,2.707469,2.156048,-0.551420,-20.366640,3.576682,2.584502,-0.992180,-27.740240,4.655518,3.521620,-1.133897,-24.355988,1982,lai,Leaf Area Index,Index,native_spatial_distribution,Native grids; not paired pixelwise
296100,904930,286.529358,286.796997,0.267639,10.507958,7.011343,0.667241,0.120230,0.000000,288.765015,287.150482,-1.614532,-0.559116,294.734894,292.455902,-2.278992,-0.773234,298.996155,296.370514,-2.625641,-0.878152,300.329285,297.532745,-2.796539,-0.931158,302.228882,298.423706,-3.805176,-1.259038,1983,t2m,2m Temperature,K,native_spatial_distribution,Native grids; not paired pixelwise
296100,904930,280.423370,280.901001,0.477631,10.056868,7.641334,0.759812,0.124880,0.000000,281.762817,279.888367,-1.874451,-0.665258,288.176636,287.680267,-0.496368,-0.172245,293.125763,292.060059,-1.065704,-0.363566,295.598511,293.419556,-2.178955,-0.737133,297.191864,294.452667,-2.739197,-0.921693,1983,d2m,2m Dewpoint,K,native_spatial_distribution,Native grids; not paired pixelwise
296100,904930,955.946899,957.067627,1.120728,72.610695,73.982971,1.018899,0.060640,0.000000,983.709473,986.885498,3.176025,0.322862,1013.757141,1015.004150,1.247009,0.123009,1017.052795,1016.442444,-0.610352,-0.060012,1018.043213,1016.901550,-1.141663,-0.112143,1019.657166,1017.616577,-2.040588,-0.200125,1983,sp,Surface Pressure,hPa,native_spatial_distribution,Native grids; not paired pixelwise
296100,904930,0.377941,0.273181,-0.104761,1.546820,1.296647,0.838266,0.066450,0.000000,0.355359,0.314514,-0.040844,-11.493869,1.170648,0.902782,-0.267866,-22.881838,2.158298,1.732429,-0.425869,-19.731726,3.036165,2.258570,-0.777595,-25.611092,4.511919,3.646419,-0.865500,-19.182529,1983,u10,10m U-Wind,m/s,native_spatial_distribution,Native grids; not paired pixelwise
296100,904930,-0.001692,-0.174874,-0.173182,1.696787,1.465601,0.863750,0.135380,0.000000,0.248304,0.088450,-0.159854,-64.378227,0.906314,0.530385,-0.375929,-41.478863,1.609343,1.008916,-0.600427,-37.308849,2.087056,1.298758,-0.788298,-37.770802,3.184150,1.969042,-1.215107,-38.161121,1983,v10,10m V-Wind,m/s,native_spatial_distribution,Native grids; not paired pixelwise
296100,904924,1.106045,0.737615,-0.368431,1.150296,0.891972,0.775428,0.201550,0.000000,0.864980,0.408680,-0.456300,-52.752701,1.682294,1.108200,-0.574094,-34.125641,2.707469,2.156048,-0.551420,-20.366640,3.576682,2.584502,-0.992180,-27.740240,4.655518,3.521620,-1.133897,-24.355988,1983,lai,Leaf Area Index,Index,native_spatial_distribution,Native grids; not paired pixelwise
296100,904930,286.441498,286.657806,0.216309,10.382197,7.160313,0.689672,0.113730,0.000000,288.712952,287.111938,-1.601013,-0.554535,294.751312,292.576416,-2.174896,-0.737875,298.475403,296.332611,-2.142792,-0.717912,299.533417,297.243103,-2.290314,-0.764627,301.934937,298.057312,-3.877625,-1.284258,1984,t2m,2m Temperature,K,native_spatial_distribution,Native grids; not paired pixelwise
296100,904930,280.100311,280.520721,0.420410,10.169592,7.952037,0.781943,0.133180,0.000000,281.585144,279.617676,-1.967468,-0.698712,288.253784,287.527130,-0.726654,-0.252088,292.684235,292.077332,-0.606903,-0.207358,295.016724,293.315491,-1.701233,-0.576656,296.473267,294.166565,-2.306702,-0.778047,1984,d2m,2m Dewpoint,K,native_spatial_distribution,Native grids; not paired pixelwise
296100,904930,956.788879,957.951416,1.162537,72.565628,73.997787,1.019736,0.068440,0.000000,984.333862,987.692261,3.358398,0.341185,1014.622681,1015.980286,1.357605,0.133804,1018.001709,1017.656250,-0.345459,-0.033935,1019.327637,1018.021545,-1.306091,-0.128133,1021.528198,1018.505554,-3.022644,-0.295894,1984,sp,Surface Pressure,hPa,native_spatial_distribution,Native grids; not paired pixelwise
296100,904930,0.361953,0.215485,-0.146468,1.698431,1.444791,0.850662,0.096320,0.000000,0.501754,0.389585,-0.112168,-22.355249,1.253518,0.932051,-0.321467,-25.645176,2.263201,1.727950,-0.535252,-23.650206,2.987243,2.264919,-0.722325,-24.180305,4.397221,3.522287,-0.874933,-19.897415,1984,u10,10m U-Wind,m/s,native_spatial_distribution,Native grids; not paired pixelwise
296100,904930,-0.080799,-0.265907,-0.185108,1.893253,1.665760,0.879840,0.168080,0.000000,0.273548,0.139633,-0.133915,-48.954918,0.918249,0.492535,-0.425715,-46.361565,1.607467,0.901093,-0.706374,-43.943302,2.123765,1.198609,-0.925156,-43.562057,3.445437,2.024319,-1.421118,-41.246380,1984,v10,10m V-Wind,m/s,native_spatial_distribution,Native grids; not paired pixelwise
296100,904924,1.106106,0.736696,-0.369410,1.150320,0.890818,0.774409,0.201720,0.000000,0.865100,0.408281,-0.456819,-52.805332,1.682411,1.106878,-0.575532,-34.208797,2.707650,2.152638,-0.555012,-20.497906,3.576779,2.580269,-0.996510,-27.860531,4.655518,3.518519,-1.136998,-24.422594,1984,lai,Leaf Area Index,Index,native_spatial_distribution,Native grids; not paired pixelwise
296100,904930,286.129059,286.455505,0.326447,11.111872,7.495054,0.674509,0.127850,0.000000,288.750000,287.099731,-1.650269,-0.571522,294.625671,292.521088,-2.104584,-0.714325,298.813690,296.500732,-2.312958,-0.774047,299.926300,297.536224,-2.390076,-0.796888,302.030792,298.316101,-3.714691,-1.229905,1985,t2m,2m Temperature,K,native_spatial_distribution,Native grids; not paired pixelwise
296100,904930,279.726807,280.076752,0.349945,10.786402,8.515100,0.789429,0.126690,0.000000,281.472351,279.270660,-2.201691,-0.782205,287.996796,287.493469,-0.503326,-0.174768,293.242126,292.436981,-0.805145,-0.274567,295.681488,293.699493,-1.981995,-0.670314,297.024139,294.546143,-2.477997,-0.834275,1985,d2m,2m Dewpoint,K,native_spatial_distribution,Native grids; not paired pixelwise
296100,904930,957.017639,958.149841,1.132202,72.403664,73.831512,1.019721,0.076350,0.000000,984.334900,987.586426,3.251526,0.330327,1014.644531,1016.131104,1.486572,0.146512,1018.442566,1017.742554,-0.700012,-0.068734,1019.585388,1018.127686,-1.457703,-0.142970,1021.121826,1018.782104,-2.339722,-0.229132,1985,sp,Surface Pressure,hPa,native_spatial_distribution,Native grids; not paired pixelwise
296100,904930,0.514883,0.352528,-0.162355,1.803208,1.391378,0.771613,0.084220,0.000000,0.538802,0.522164,-0.016638,-3.087949,1.398521,1.064728,-0.333793,-23.867558,2.496442,1.904592,-0.591850,-23.707729,3.341071,2.441459,-0.899612,-26.925867,5.589886,3.444284,-2.145602,-38.383648,1985,u10,10m U-Wind,m/s,native_spatial_distribution,Native grids; not paired pixelwise
296100,904930,-0.061745,-0.180515,-0.118770,1.695234,1.498267,0.883812,0.101960,0.000000,0.193496,0.140837,-0.052659,-27.214537,0.842363,0.568716,-0.273647,-32.485626,1.604829,1.033172,-0.571657,-35.621071,2.160424,1.288023,-0.872401,-40.380997,3.100667,1.788532,-1.312135,-42.317837,1985,v10,10m V-Wind,m/s,native_spatial_distribution,Native grids; not paired pixelwise
296100,904924,1.106045,0.737631,-0.368414,1.150296,0.891958,0.775416,0.201550,0.000000,0.864980,0.408680,-0.456300,-52.752701,1.682294,1.108200,-0.574094,-34.125641,2.707469,2.156048,-0.551420,-20.366640,3.576682,2.584502,-0.992180,-27.740240,4.655518,3.521620,-1.133897,-24.355988,1985,lai,Leaf Area Index,Index,native_spatial_distribution,Native grids; not paired pixelwise
296100,904930,286.865234,287.209534,0.344299,10.108970,7.137158,0.706022,0.103620,0.000000,288.932129,287.736694,-1.195435,-0.413742,294.634857,292.873718,-1.761139,-0.597736,298.794922,296.845825,-1.949097,-0.652319,300.187927,297.739868,-2.448059,-0.815509,302.168304,298.458618,-3.709686,-1.227689,1986,t2m,2m Temperature,K,native_spatial_distribution,Native grids; not paired pixelwise
296100,904930,280.670654,281.056458,0.385803,9.959961,7.902674,0.793444,0.108700,0.000000,281.842590,280.239624,-1.602966,-0.568745,288.377930,287.870453,-0.507477,-0.175976,293.599396,292.630463,-0.968933,-0.330019,295.642578,293.791931,-1.850647,-0.625974,297.152557,294.570648,-2.581909,-0.868883,1986,d2m,2m Dewpoint,K,native_spatial_distribution,Native grids; not paired pixelwise
296100,904930,957.078369,958.258911,1.180542,72.385399,73.806374,1.019631,0.071250,0.000000,984.538757,987.890625,3.351868,0.340451,1015.029236,1016.341431,1.312195,0.129277,1018.228516,1017.675598,-0.552917,-0.054302,1019.218018,1018.030518,-1.187500,-0.116511,1020.494995,1018.608643,-1.886353,-0.184847,1986,sp,Surface Pressure,hPa,native_spatial_distribution,Native grids; not paired pixelwise
296100,904930,0.417622,0.274031,-0.143592,1.622084,1.348306,0.831219,0.092500,0.000000,0.489337,0.421212,-0.068125,-13.921905,1.264965,0.945159,-0.319807,-25.281858,2.231562,1.692728,-0.538834,-24.146053,3.053988,2.172512,-0.881476,-28.863115,4.390627,3.372940,-1.017687,-23.178625,1986,u10,10m U-Wind,m/s,native_spatial_distribution,Native grids; not paired pixelwise
296100,904930,-0.002027,-0.129685,-0.127659,1.686562,1.431817,0.848956,0.093360,0.000000,0.187044,0.131529,-0.055515,-29.680237,0.827505,0.553156,-0.274349,-33.153793,1.582299,1.092536,-0.489763,-30.952608,2.342693,1.318389,-1.024303,-43.723328,3.695701,1.994901,-1.700799,-46.021023,1986,v10,10m V-Wind,m/s,native_spatial_distribution,Native grids; not paired pixelwise
296100,904924,1.106045,0.737636,-0.368410,1.150296,0.891954,0.775413,0.201550,0.000000,0.864980,0.408680,-0.456300,-52.752701,1.682294,1.108200,-0.574094,-34.125641,2.707469,2.156048,-0.551420,-20.366640,3.576682,2.584502,-0.992180,-27.740240,4.655518,3.521620,-1.133897,-24.355988,1986,lai,Leaf Area Index,Index,native_spatial_distribution,Native grids; not paired pixelwise
296100,904930,286.953766,287.238281,0.284515,9.823860,6.589441,0.670759,0.121940,0.000000,288.810669,287.402618,-1.408051,-0.487534,294.505341,292.361267,-2.144073,-0.728025,298.795624,296.401062,-2.394562,-0.801405,300.333710,297.409119,-2.924591,-0.973781,302.067261,298.283203,-3.784058,-1.252720,1987,t2m,2m Temperature,K,native_spatial_distribution,Native grids; not paired pixelwise
296100,904930,280.330048,280.617096,0.287048,9.793003,7.781774,0.794626,0.110520,0.000000,281.161407,279.752747,-1.408661,-0.501015,287.995941,287.189545,-0.806396,-0.280003,293.288666,292.042267,-1.246399,-0.424973,295.780548,293.302673,-2.477875,-0.837741,297.399261,294.312653,-3.086609,-1.037867,1987,d2m,2m Dewpoint,K,native_spatial_distribution,Native grids; not paired pixelwise
296100,904930,956.777527,957.920715,1.143188,72.064613,73.532532,1.020370,0.072670,0.000000,984.320862,987.511780,3.190918,0.324175,1014.401550,1015.578064,1.176514,0.115981,1017.014465,1016.736023,-0.278442,-0.027378,1018.264282,1017.064758,-1.199524,-0.117801,1019.799744,1018.247681,-1.552063,-0.152193,1987,sp,Surface Pressure,hPa,native_spatial_distribution,Native grids; not paired pixelwise
296100,904930,0.411443,0.278605,-0.132839,1.612378,1.220264,0.756810,0.097380,0.000000,0.442183,0.355270,-0.086914,-19.655571,1.177634,0.871380,-0.306255,-26.005920,2.160965,1.671992,-0.488974,-22.627563,3.102758,2.187936,-0.914821,-29.484138,4.773201,3.142055,-1.631146,-34.173004,1987,u10,10m U-Wind,m/s,native_spatial_distribution,Native grids; not paired pixelwise
296100,904930,-0.244832,-0.376895,-0.132063,1.711301,1.469197,0.858526,0.139650,0.000000,0.081386,-0.009973,-0.091359,-112.254555,0.650541,0.324122,-0.326419,-50.176590,1.309797,0.768296,-0.541501,-41.342339,1.826761,1.049707,-0.777055,-42.537289,2.953544,1.712709,-1.240835,-42.011726,1987,v10,10m V-Wind,m/s,native_spatial_distribution,Native grids; not paired pixelwise
296100,904924,1.106045,0.737616,-0.368429,1.150296,0.891970,0.775427,0.201550,0.000000,0.864980,0.408680,-0.456300,-52.752701,1.682294,1.108200,-0.574094,-34.125641,2.707469,2.156048,-0.551420,-20.366640,3.576682,2.584502,-0.992180,-27.740240,4.655518,3.521620,-1.133897,-24.355988,1987,lai,Leaf Area Index,Index,native_spatial_distribution,Native grids; not paired pixelwise
296100,904930,286.622650,286.846466,0.223816,10.567472,6.903503,0.653279,0.115080,0.000000,288.899719,286.994781,-1.904938,-0.659377,294.894104,292.243286,-2.650818,-0.898905,298.851135,296.296051,-2.555084,-0.854969,300.016815,297.277039,-2.739777,-0.913208,302.042419,298.276306,-3.766113,-1.246882,1988,t2m,2m Temperature,K,native_spatial_distribution,Native grids; not paired pixelwise
296100,904930,279.585175,279.849670,0.264496,10.455969,8.149310,0.779393,0.135310,0.000000,280.748840,278.382843,-2.365997,-0.842745,287.857941,287.121918,-0.736023,-0.255690,292.875214,292.003021,-0.872192,-0.297803,295.436615,293.428101,-2.008514,-0.679846,297.199524,294.424622,-2.774902,-0.933683,1988,d2m,2m Dewpoint,K,native_spatial_distribution,Native grids; not paired pixelwise
296100,904930,957.111816,958.321594,1.209778,72.245461,73.680321,1.019861,0.074760,0.000000,984.133545,987.551392,3.417847,0.347295,1014.733887,1016.392639,1.658752,0.163467,1018.471985,1018.012451,-0.459534,-0.045120,1020.274231,1018.397461,-1.876770,-0.183948,1022.412048,1018.965149,-3.446899,-0.337134,1988,sp,Surface Pressure,hPa,native_spatial_distribution,Native grids; not paired pixelwise
296100,904930,0.500425,0.314475,-0.185951,1.672948,1.453315,0.868715,0.091510,0.000000,0.575932,0.514645,-0.061286,-10.641232,1.426640,1.072365,-0.354275,-24.832823,2.416990,1.951057,-0.465933,-19.277399,3.162874,2.365965,-0.796909,-25.195715,4.531274,3.462489,-1.068785,-23.586849,1988,u10,10m U-Wind,m/s,native_spatial_distribution,Native grids; not paired pixelwise
296100,904930,-0.088402,-0.254067,-0.165666,1.728684,1.548049,0.895507,0.135360,0.000000,0.223157,0.130406,-0.092751,-41.563126,0.835411,0.509405,-0.326007,-39.023502,1.491150,0.896164,-0.594986,-39.901142,1.987007,1.158685,-0.828322,-41.686924,3.161692,1.683036,-1.478656,-46.767860,1988,v10,10m V-Wind,m/s,native_spatial_distribution,Native grids; not paired pixelwise
296100,904924,1.106106,0.736676,-0.369430,1.150320,0.890835,0.774424,0.201720,0.000000,0.865100,0.408281,-0.456819,-52.805332,1.682411,1.106878,-0.575532,-34.208797,2.707650,2.152638,-0.555012,-20.497906,3.576779,2.580269,-0.996510,-27.860531,4.655518,3.518519,-1.136998,-24.422594,1988,lai,Leaf Area Index,Index,native_spatial_distribution,Native grids; not paired pixelwise
296100,904930,286.370239,286.666901,0.296661,11.009012,7.428170,0.674735,0.114710,0.000000,288.890289,287.050537,-1.839752,-0.636834,294.790863,292.613556,-2.177307,-0.738594,298.705841,296.779938,-1.925903,-0.644749,300.018402,297.744110,-2.274292,-0.758051,302.184692,298.479370,-3.705322,-1.226178,1989,t2m,2m Temperature,K,native_spatial_distribution,Native grids; not paired pixelwise
296100,904930,279.606964,280.077911,0.470947,11.014040,8.579800,0.778988,0.134150,0.000000,281.188843,278.976044,-2.212799,-0.786944,288.337219,287.534973,-0.802246,-0.278232,293.394409,292.782990,-0.611420,-0.208395,295.656830,294.001709,-1.655121,-0.559811,297.000366,294.802582,-2.197784,-0.739994,1989,d2m,2m Dewpoint,K,native_spatial_distribution,Native grids; not paired pixelwise
296100,904930,957.517700,958.634033,1.116333,72.362610,73.774292,1.019508,0.067120,0.000000,985.092102,988.313904,3.221802,0.327056,1015.190125,1016.472046,1.281921,0.126274,1018.335205,1017.979614,-0.355591,-0.034919,1020.016357,1018.386414,-1.629944,-0.159796,1022.104309,1019.044373,-3.059937,-0.299376,1989,sp,Surface Pressure,hPa,native_spatial_distribution,Native grids; not paired pixelwise
296100,904930,0.443700,0.260722,-0.182978,1.640408,1.381303,0.842049,0.097020,0.000000,0.501961,0.424207,-0.077754,-15.490040,1.333972,0.979045,-0.354928,-26.606825,2.283873,1.712257,-0.571617,-25.028381,3.067791,2.163048,-0.904743,-29.491688,4.709324,3.442925,-1.266399,-26.891315,1989,u10,10m U-Wind,m/s,native_spatial_distribution,Native grids; not paired pixelwise
296100,904930,-0.054802,-0.203102,-0.148300,1.762101,1.572056,0.892149,0.122150,0.000000,0.220007,0.123842,-0.096165,-43.710114,0.852698,0.520123,-0.332575,-39.002701,1.561964,1.017919,-0.544044,-34.830788,2.108958,1.354986,-0.753971,-35.750896,3.406644,1.714937,-1.691707,-49.659050,1989,v10,10m V-Wind,m/s,native_spatial_distribution,Native grids; not paired pixelwise
296100,904924,1.106045,0.737623,-0.368422,1.150296,0.891965,0.775422,0.201550,0.000000,0.864980,0.408680,-0.456300,-52.752701,1.682294,1.108200,-0.574094,-34.125641,2.707469,2.156048,-0.551420,-20.366640,3.576682,2.584502,-0.992180,-27.740240,4.655518,3.521620,-1.133897,-24.355988,1989,lai,Leaf Area Index,Index,native_spatial_distribution,Native grids; not paired pixelwise
296100,904930,287.124420,287.404785,0.280365,10.154348,7.148802,0.704014,0.103960,0.000000,289.230652,287.862091,-1.368561,-0.473173,294.998047,293.268951,-1.729095,-0.586138,298.981232,297.134277,-1.846954,-0.617749,300.461609,298.031891,-2.429718,-0.808662,302.403595,298.778259,-3.625336,-1.198840,1990,t2m,2m Temperature,K,native_spatial_distribution,Native grids; not paired pixelwise
296100,904930,280.396240,280.925507,0.529266,10.240167,8.276586,0.808247,0.112450,0.000000,281.656128,280.511322,-1.144806,-0.406455,288.750580,287.927979,-0.822601,-0.284883,293.171234,292.899902,-0.271332,-0.092551,295.595245,294.078796,-1.516449,-0.513015,296.992767,294.913391,-2.079376,-0.700144,1990,d2m,2m Dewpoint,K,native_spatial_distribution,Native grids; not paired pixelwise
296100,904930,957.153198,958.339844,1.186646,72.682617,74.073997,1.019143,0.058930,0.000000,984.430969,987.837402,3.406433,0.346031,1015.403687,1016.591614,1.187927,0.116991,1018.536743,1018.494202,-0.042542,-0.004177,1020.365723,1019.035706,-1.330017,-0.130347,1022.882507,1019.613831,-3.268677,-0.319555,1990,sp,Surface Pressure,hPa,native_spatial_distribution,Native grids; not paired pixelwise
296100,904930,0.388231,0.192647,-0.195584,1.744343,1.566074,0.897802,0.096930,0.000000,0.548312,0.451372,-0.096941,-17.679832,1.316700,1.007384,-0.309315,-23.491699,2.208724,1.817100,-0.391625,-17.730812,3.036347,2.271823,-0.764524,-25.179064,4.584337,3.636244,-0.948093,-20.681131,1990,u10,10m U-Wind,m/s,native_spatial_distribution,Native grids; not paired pixelwise
296100,904930,0.081578,-0.101771,-0.183350,1.779319,1.675407,0.941601,0.103050,0.000000,0.382627,0.288834,-0.093793,-24.512888,0.964633,0.710361,-0.254272,-26.359476,1.640897,1.178416,-0.462481,-28.184624,2.119255,1.495539,-0.623716,-29.430910,3.288043,2.179693,-1.108350,-33.708504,1990,v10,10m V-Wind,m/s,native_spatial_distribution,Native grids; not paired pixelwise
296100,904924,1.106045,0.737614,-0.368432,1.150296,0.891973,0.775429,0.201550,0.000000,0.864980,0.408680,-0.456300,-52.752701,1.682294,1.108200,-0.574094,-34.125641,2.707469,2.156048,-0.551420,-20.366640,3.576682,2.584502,-0.992180,-27.740240,4.655518,3.521620,-1.133897,-24.355988,1990,lai,Leaf Area Index,Index,native_spatial_distribution,Native grids; not paired pixelwise
296100,904930,286.895782,287.248718,0.352936,10.303406,7.023882,0.681705,0.113410,0.000000,289.092224,287.529663,-1.562561,-0.540506,295.012695,292.880615,-2.132080,-0.722708,298.892670,296.993073,-1.899597,-0.635545,300.192169,298.034729,-2.157440,-0.718686,301.623077,298.838806,-2.784271,-0.923096,1991,t2m,2m Temperature,K,native_spatial_distribution,Native grids; not paired pixelwise
296100,904930,280.425964,280.901825,0.475861,10.283794,8.211807,0.798519,0.117360,0.000000,281.704865,280.199768,-1.505096,-0.534281,288.693390,287.610077,-1.083313,-0.375247,293.573853,292.944214,-0.629639,-0.214474,295.931793,294.228729,-1.703064,-0.575492,297.136780,295.079803,-2.056976,-0.692266,1991,d2m,2m Dewpoint,K,native_spatial_distribution,Native grids; not paired pixelwise
296100,904930,957.162231,958.297852,1.135620,72.553802,73.971069,1.019534,0.061680,0.000000,984.666870,987.961975,3.295105,0.334642,1015.148499,1016.249451,1.100952,0.108452,1018.658997,1018.139893,-0.519104,-0.050960,1019.696960,1018.616821,-1.080139,-0.105927,1021.187561,1019.197693,-1.989868,-0.194858,1991,sp,Surface Pressure,hPa,native_spatial_distribution,Native grids; not paired pixelwise
296100,904930,0.378553,0.218140,-0.160414,1.732635,1.464377,0.845173,0.097890,0.000000,0.486153,0.403533,-0.082621,-16.994783,1.306273,0.978451,-0.327823,-25.096025,2.341250,1.818687,-0.522563,-22.319843,3.155075,2.297230,-0.857845,-27.189362,4.671515,3.424230,-1.247284,-26.699787,1991,u10,10m U-Wind,m/s,native_spatial_distribution,Native grids; not paired pixelwise
296100,904930,0.029146,-0.129541,-0.158687,1.748695,1.532559,0.876401,0.133430,0.000000,0.248268,0.235218,-0.013049,-5.256213,0.968417,0.611225,-0.357193,-36.884182,1.701655,1.036059,-0.665597,-39.114666,2.282955,1.249449,-1.033505,-45.270512,3.418968,1.755326,-1.663642,-48.659172,1991,v10,10m V-Wind,m/s,native_spatial_distribution,Native grids; not paired pixelwise
296100,904924,1.106045,0.737614,-0.368432,1.150296,0.891973,0.775429,0.201550,0.000000,0.864980,0.408680,-0.456300,-52.752701,1.682294,1.108200,-0.574094,-34.125641,2.707469,2.156048,-0.551420,-20.366640,3.576682,2.584502,-0.992180,-27.740240,4.655518,3.521620,-1.133897,-24.355988,1991,lai,Leaf Area Index,Index,native_spatial_distribution,Native grids; not paired pixelwise
296100,904930,286.636780,287.047028,0.410248,10.024399,7.158173,0.714075,0.102180,0.000000,288.785217,287.445374,-1.339844,-0.463959,294.106628,292.835022,-1.271606,-0.432362,298.441040,296.636322,-1.804718,-0.604715,300.156891,297.664581,-2.492310,-0.830336,302.033264,298.392090,-3.641174,-1.205554,1992,t2m,2m Temperature,K,native_spatial_distribution,Native grids; not paired pixelwise
296100,904930,280.315033,280.861938,0.546906,9.857037,8.093292,0.821068,0.089910,0.000000,281.324097,280.202332,-1.121765,-0.398745,287.998260,288.057556,0.059296,0.020589,292.828827,292.391602,-0.437225,-0.149311,295.831360,293.629791,-2.201569,-0.744197,297.106323,294.521667,-2.584656,-0.869943,1992,d2m,2m Dewpoint,K,native_spatial_distribution,Native grids; not paired pixelwise
296100,904930,956.637451,957.762329,1.124878,72.291229,73.730431,1.019908,0.055990,0.000000,984.197510,987.465576,3.268066,0.332054,1014.560669,1015.604431,1.043762,0.102878,1017.147339,1017.090393,-0.056946,-0.005599,1018.429626,1017.420532,-1.009094,-0.099083,1020.416321,1017.922668,-2.493652,-0.244376,1992,sp,Surface Pressure,hPa,native_spatial_distribution,Native grids; not paired pixelwise
296100,904930,0.341955,0.208816,-0.133139,1.558928,1.273324,0.816795,0.103640,0.000000,0.446610,0.356675,-0.089935,-20.137262,1.159013,0.841658,-0.317354,-27.381443,2.015363,1.541320,-0.474043,-23.521454,2.803574,2.002074,-0.801500,-28.588501,4.204553,3.146062,-1.058491,-25.174870,1992,u10,10m U-Wind,m/s,native_spatial_distribution,Native grids; not paired pixelwise
296100,904930,-0.047905,-0.170993,-0.123089,1.629552,1.350646,0.828845,0.105610,0.000000,0.110320,0.089580,-0.020740,-18.800076,0.790242,0.479015,-0.311227,-39.383743,1.560852,0.992738,-0.568115,-36.397728,2.141569,1.226834,-0.914736,-42.713333,3.556973,1.814736,-1.742237,-48.980892,1992,v10,10m V-Wind,m/s,native_spatial_distribution,Native grids; not paired pixelwise
296100,904924,1.106106,0.736673,-0.369434,1.150320,0.890837,0.774426,0.201720,0.000000,0.865100,0.408281,-0.456819,-52.805332,1.682411,1.106878,-0.575532,-34.208797,2.707650,2.152638,-0.555012,-20.497906,3.576779,2.580269,-0.996510,-27.860531,4.655518,3.518519,-1.136998,-24.422594,1992,lai,Leaf Area Index,Index,native_spatial_distribution,Native grids; not paired pixelwise
296100,904930,286.266083,286.649078,0.382996,10.705359,7.492553,0.699888,0.114480,0.000000,288.529785,287.341827,-1.187958,-0.411728,294.340820,292.790161,-1.550659,-0.526824,299.004669,296.749878,-2.254791,-0.754099,300.539795,297.745636,-2.794159,-0.929713,302.347839,298.561951,-3.785889,-1.252163,1993,t2m,2m Temperature,K,native_spatial_distribution,Native grids; not paired pixelwise
296100,904930,279.983490,280.492035,0.508545,10.492414,8.276434,0.788802,0.117070,0.000000,281.019470,279.648315,-1.371155,-0.487922,288.301086,287.859436,-0.441650,-0.153191,293.346375,292.437592,-0.908783,-0.309799,295.735016,293.730286,-2.004730,-0.677881,297.147186,294.633209,-2.513977,-0.846038,1993,d2m,2m Dewpoint,K,native_spatial_distribution,Native grids; not paired pixelwise
296100,904930,956.847473,957.969299,1.121826,72.401978,73.841385,1.019881,0.059290,0.000000,984.465942,987.680847,3.214905,0.326563,1014.724854,1015.940674,1.215820,0.119818,1017.385010,1017.263977,-0.121033,-0.011896,1018.514465,1017.571106,-0.943359,-0.092621,1020.634216,1017.979004,-2.655212,-0.260153,1993,sp,Surface Pressure,hPa,native_spatial_distribution,Native grids; not paired pixelwise
296100,904930,0.391631,0.262755,-0.128876,1.562374,1.331391,0.852159,0.095320,0.000000,0.479081,0.428844,-0.050237,-10.486137,1.247293,0.931627,-0.315666,-25.308056,2.105339,1.616095,-0.489244,-23.238234,2.796129,2.083982,-0.712146,-25.469009,4.145005,3.362412,-0.782593,-18.880386,1993,u10,10m U-Wind,m/s,native_spatial_distribution,Native grids; not paired pixelwise
296100,904930,-0.057921,-0.201965,-0.144044,1.639444,1.361580,0.830513,0.126730,0.000000,0.177092,0.082394,-0.094698,-53.473804,0.766115,0.468989,-0.297126,-38.783516,1.411238,0.912783,-0.498456,-35.320454,1.938979,1.222411,-0.716568,-36.955959,3.448547,1.871996,-1.576551,-45.716377,1993,v10,10m V-Wind,m/s,native_spatial_distribution,Native grids; not paired pixelwise
296100,904924,1.106045,0.737618,-0.368427,1.150296,0.891969,0.775425,0.201550,0.000000,0.864980,0.408680,-0.456300,-52.752701,1.682294,1.108200,-0.574094,-34.125641,2.707469,2.156048,-0.551420,-20.366640,3.576682,2.584502,-0.992180,-27.740240,4.655518,3.521620,-1.133897,-24.355988,1993,lai,Leaf Area Index,Index,native_spatial_distribution,Native grids; not paired pixelwise
296100,904930,286.877899,287.135864,0.257965,10.773745,7.258920,0.673760,0.109370,0.000000,289.316193,287.565796,-1.750397,-0.605012,294.930115,292.972107,-1.958008,-0.663889,299.074493,296.995209,-2.079285,-0.695240,300.180603,298.061920,-2.118683,-0.705803,302.863922,298.960266,-3.903656,-1.288914,1994,t2m,2m Temperature,K,native_spatial_distribution,Native grids; not paired pixelwise
296100,904930,280.114532,280.610596,0.496063,10.668773,8.326237,0.780431,0.115100,0.000000,281.722534,279.642914,-2.079620,-0.738180,288.383606,287.659943,-0.723663,-0.250938,293.568726,292.848022,-0.720703,-0.245497,295.758331,294.226227,-1.532104,-0.518026,296.907410,295.068024,-1.839386,-0.619515,1994,d2m,2m Dewpoint,K,native_spatial_distribution,Native grids; not paired pixelwise
296100,904930,957.102173,958.270264,1.168091,72.541885,73.942528,1.019308,0.062040,0.000000,984.754150,988.086426,3.332275,0.338387,1014.890930,1016.178040,1.287109,0.126822,1018.329285,1017.967834,-0.361450,-0.035494,1019.716492,1018.460693,-1.255798,-0.123152,1021.599670,1019.092590,-2.507080,-0.245407,1994,sp,Surface Pressure,hPa,native_spatial_distribution,Native grids; not paired pixelwise
296100,904930,0.371763,0.208247,-0.163516,1.659984,1.467060,0.883780,0.086850,0.000000,0.523045,0.394037,-0.129009,-24.664932,1.255617,0.984490,-0.271127,-21.593147,2.167327,1.857836,-0.309491,-14.279842,2.898481,2.343176,-0.555305,-19.158468,4.528783,3.510223,-1.018560,-22.490816,1994,u10,10m U-Wind,m/s,native_spatial_distribution,Native grids; not paired pixelwise
296100,904930,0.015869,-0.137960,-0.153829,1.835290,1.606482,0.875328,0.131620,0.000000,0.266787,0.215510,-0.051277,-19.220297,0.966310,0.607718,-0.358592,-37.109425,1.726915,1.039289,-0.687626,-39.818195,2.330079,1.334960,-0.995119,-42.707539,3.731006,1.981551,-1.749455,-46.889629,1994,v10,10m V-Wind,m/s,native_spatial_distribution,Native grids; not paired pixelwise
296100,904924,1.106045,0.737640,-0.368406,1.150296,0.891951,0.775410,0.201550,0.000000,0.864980,0.408680,-0.456300,-52.752701,1.682294,1.108200,-0.574094,-34.125641,2.707469,2.156048,-0.551420,-20.366640,3.576682,2.584502,-0.992180,-27.740240,4.655518,3.521620,-1.133897,-24.355988,1994,lai,Leaf Area Index,Index,native_spatial_distribution,Native grids; not paired pixelwise
296100,904930,286.775085,287.021973,0.246887,10.456736,7.212240,0.689722,0.115720,0.000000,289.050842,287.531372,-1.519470,-0.525676,294.755157,292.683960,-2.071198,-0.702684,299.236206,296.850891,-2.385315,-0.797134,300.507019,297.853760,-2.653259,-0.882928,302.456818,298.711731,-3.745087,-1.238222,1995,t2m,2m Temperature,K,native_spatial_distribution,Native grids; not paired pixelwise
296100,904930,280.250793,280.638550,0.387756,10.343418,8.102098,0.783310,0.134060,0.000000,281.324890,279.449951,-1.874939,-0.666467,288.361725,287.828766,-0.532959,-0.184823,293.775879,292.612640,-1.163239,-0.395961,296.107727,293.941681,-2.166046,-0.731506,297.413971,294.871826,-2.542145,-0.854750,1995,d2m,2m Dewpoint,K,native_spatial_distribution,Native grids; not paired pixelwise
296100,904930,956.257812,957.403076,1.145264,72.210251,73.659096,1.020064,0.078060,0.000000,983.647217,986.919434,3.272217,0.332662,1013.914124,1015.251465,1.337341,0.131899,1017.352173,1016.703918,-0.648254,-0.063720,1018.274658,1017.073730,-1.200928,-0.117938,1019.349060,1017.651917,-1.697144,-0.166493,1995,sp,Surface Pressure,hPa,native_spatial_distribution,Native grids; not paired pixelwise
296100,904930,0.431219,0.305741,-0.125477,1.648144,1.341267,0.813805,0.085370,0.000000,0.447163,0.426400,-0.020763,-4.643271,1.293352,0.977852,-0.315500,-24.393995,2.313770,1.772798,-0.540972,-23.380539,3.133086,2.223613,-0.909473,-29.028025,4.827821,3.511631,-1.316190,-27.262602,1995,u10,10m U-Wind,m/s,native_spatial_distribution,Native grids; not paired pixelwise
296100,904930,-0.101473,-0.224372,-0.122899,1.699792,1.419347,0.835012,0.137460,0.000000,0.129629,0.069613,-0.060015,-46.297798,0.798220,0.490645,-0.307575,-38.532608,1.481153,0.844472,-0.636681,-42.985504,2.070767,1.098309,-0.972458,-46.961243,3.139793,1.819784,-1.320009,-42.041279,1995,v10,10m V-Wind,m/s,native_spatial_distribution,Native grids; not paired pixelwise
296100,904924,1.106045,0.737609,-0.368437,1.150296,0.891977,0.775432,0.201550,0.000000,0.864980,0.408680,-0.456300,-52.752701,1.682294,1.108200,-0.574094,-34.125641,2.707469,2.156048,-0.551420,-20.366640,3.576682,2.584502,-0.992180,-27.740240,4.655518,3.521620,-1.133897,-24.355988,1995,lai,Leaf Area Index,Index,native_spatial_distribution,Native grids; not paired pixelwise
296100,904930,286.300903,286.541260,0.240356,10.879335,7.441168,0.683973,0.122320,0.000000,289.007782,287.153381,-1.854401,-0.641644,294.490295,292.581268,-1.909027,-0.648248,298.720428,296.497986,-2.222443,-0.743988,300.154694,297.420258,-2.734436,-0.911009,302.592072,298.171722,-4.420349,-1.460828,1996,t2m,2m Temperature,K,native_spatial_distribution,Native grids; not paired pixelwise
296100,904930,279.637756,279.930420,0.292664,10.830918,8.402460,0.775785,0.140240,0.000000,281.358612,278.750183,-2.608429,-0.927083,288.180145,287.762024,-0.418121,-0.145090,293.121643,292.138214,-0.983429,-0.335502,295.357758,293.436127,-1.921631,-0.650611,296.984406,294.288635,-2.695770,-0.907714,1996,d2m,2m Dewpoint,K,native_spatial_distribution,Native grids; not paired pixelwise
296100,904930,956.756104,957.909241,1.153137,72.519691,73.952057,1.019751,0.060610,0.000000,983.979248,987.234802,3.255554,0.330856,1014.819397,1016.189514,1.370117,0.135011,1018.292358,1017.801147,-0.491211,-0.048239,1019.127014,1018.161499,-0.965515,-0.094739,1020.340149,1018.807556,-1.532593,-0.150204,1996,sp,Surface Pressure,hPa,native_spatial_distribution,Native grids; not paired pixelwise
296100,904930,0.458534,0.337143,-0.121391,1.663105,1.441337,0.866654,0.088660,0.000000,0.583438,0.474968,-0.108470,-18.591494,1.287820,1.019235,-0.268585,-20.855782,2.308568,1.825341,-0.483227,-20.931885,3.058132,2.388373,-0.669759,-21.900909,4.642607,3.867281,-0.775326,-16.700228,1996,u10,10m U-Wind,m/s,native_spatial_distribution,Native grids; not paired pixelwise
296100,904930,-0.006711,-0.160834,-0.154123,1.802989,1.598884,0.886796,0.103320,0.000000,0.237801,0.175090,-0.062711,-26.371229,0.902957,0.604014,-0.298942,-33.107059,1.638358,1.180642,-0.457716,-27.937468,2.278953,1.469796,-0.809157,-35.505669,3.632413,2.183504,-1.448909,-39.888332,1996,v10,10m V-Wind,m/s,native_spatial_distribution,Native grids; not paired pixelwise
296100,904924,1.106106,0.736694,-0.369412,1.150320,0.890819,0.774410,0.201720,0.000000,0.865100,0.408281,-0.456819,-52.805332,1.682411,1.106878,-0.575532,-34.208797,2.707650,2.152638,-0.555012,-20.497906,3.576779,2.580269,-0.996510,-27.860531,4.655518,3.518519,-1.136998,-24.422594,1996,lai,Leaf Area Index,Index,native_spatial_distribution,Native grids; not paired pixelwise
296100,904930,286.502167,286.884552,0.382385,10.517868,7.264777,0.690708,0.116540,0.000000,288.978760,287.182434,-1.796326,-0.621612,294.534241,292.641693,-1.892548,-0.642556,298.706177,296.879395,-1.826782,-0.611565,300.326355,297.943726,-2.382629,-0.793347,302.517212,298.796967,-3.720245,-1.229763,1997,t2m,2m Temperature,K,native_spatial_distribution,Native grids; not paired pixelwise
296100,904930,280.247925,280.512390,0.264465,10.270360,8.195448,0.797971,0.124250,0.000000,281.591797,279.388794,-2.203003,-0.782339,288.462738,287.802795,-0.659943,-0.228779,293.086517,292.580902,-0.505615,-0.172514,295.631409,293.991516,-1.639893,-0.554708,297.114227,295.017914,-2.096313,-0.705558,1997,d2m,2m Dewpoint,K,native_spatial_distribution,Native grids; not paired pixelwise
296100,904930,956.544739,957.643005,1.098267,72.144844,73.600609,1.020178,0.057530,0.000000,983.743469,987.007629,3.264160,0.331810,1014.150879,1015.390930,1.240051,0.122275,1017.235840,1017.074219,-0.161621,-0.015888,1019.076965,1017.633118,-1.443848,-0.141682,1021.676086,1018.398315,-3.277771,-0.320823,1997,sp,Surface Pressure,hPa,native_spatial_distribution,Native grids; not paired pixelwise
296100,904930,0.558769,0.375519,-0.183250,1.639177,1.413185,0.862131,0.089050,0.000000,0.616793,0.510863,-0.105929,-17.174215,1.370441,1.068959,-0.301482,-21.998930,2.422973,1.963782,-0.459192,-18.951576,3.309545,2.517050,-0.792495,-23.945749,4.805534,3.607087,-1.198447,-24.938900,1997,u10,10m U-Wind,m/s,native_spatial_distribution,Native grids; not paired pixelwise
296100,904930,-0.143810,-0.252145,-0.108335,1.795229,1.641715,0.914488,0.098100,0.000000,0.132611,0.067102,-0.065509,-49.399166,0.742714,0.481639,-0.261075,-35.151466,1.442138,1.009028,-0.433110,-30.032503,1.990128,1.440277,-0.549851,-27.628916,3.404251,1.917612,-1.486639,-43.670063,1997,v10,10m V-Wind,m/s,native_spatial_distribution,Native grids; not paired pixelwise
296100,904924,1.106045,0.737618,-0.368427,1.150296,0.891969,0.775425,0.201550,0.000000,0.864980,0.408680,-0.456300,-52.752701,1.682294,1.108200,-0.574094,-34.125641,2.707469,2.156048,-0.551420,-20.366640,3.576682,2.584502,-0.992180,-27.740240,4.655518,3.521620,-1.133897,-24.355988,1997,lai,Leaf Area Index,Index,native_spatial_distribution,Native grids; not paired pixelwise
296100,904930,287.397461,287.651062,0.253601,10.055984,6.829795,0.679177,0.123140,0.000000,289.294250,287.925812,-1.368439,-0.473027,295.149994,293.238037,-1.911957,-0.647792,299.570953,297.078796,-2.492157,-0.831909,301.087616,298.043488,-3.044128,-1.011044,303.327393,298.834961,-4.492432,-1.481050,1998,t2m,2m Temperature,K,native_spatial_distribution,Native grids; not paired pixelwise
296100,904930,281.156830,281.368073,0.211243,9.704537,7.822085,0.806024,0.114010,0.000000,282.363403,280.658539,-1.704865,-0.603784,288.671570,287.878448,-0.793121,-0.274749,293.629211,292.866516,-0.762695,-0.259748,296.244629,294.137329,-2.107300,-0.711338,297.851929,295.013397,-2.838531,-0.953001,1998,d2m,2m Dewpoint,K,native_spatial_distribution,Native grids; not paired pixelwise
296100,904930,956.204407,957.340454,1.136047,72.508492,73.932259,1.019636,0.062750,0.000000,983.667664,986.916443,3.248779,0.330272,1013.769226,1015.377747,1.608521,0.158667,1017.742004,1016.970703,-0.771301,-0.075786,1018.976013,1017.570374,-1.405640,-0.137946,1020.890930,1018.454224,-2.436707,-0.238684,1998,sp,Surface Pressure,hPa,native_spatial_distribution,Native grids; not paired pixelwise
296100,904930,0.399525,0.270703,-0.128823,1.729840,1.426588,0.824694,0.071480,0.000000,0.386235,0.355130,-0.031105,-8.053371,1.303108,0.972520,-0.330588,-25.369173,2.495223,1.838594,-0.656629,-26.315443,3.321000,2.377988,-0.943012,-28.395422,4.537486,3.640304,-0.897182,-19.772676,1998,u10,10m U-Wind,m/s,native_spatial_distribution,Native grids; not paired pixelwise
296100,904930,-0.024708,-0.151311,-0.126604,1.861038,1.695766,0.911194,0.078340,0.000000,0.242344,0.183244,-0.059099,-24.386620,0.868466,0.648654,-0.219811,-25.310329,1.598086,1.206493,-0.391592,-24.503834,2.221752,1.478194,-0.743558,-33.467205,3.715302,2.030501,-1.684800,-45.347603,1998,v10,10m V-Wind,m/s,native_spatial_distribution,Native grids; not paired pixelwise
296100,904924,1.106045,0.737604,-0.368441,1.150296,0.891980,0.775435,0.201550,0.000000,0.864980,0.408680,-0.456300,-52.752701,1.682294,1.108200,-0.574094,-34.125641,2.707469,2.156048,-0.551420,-20.366640,3.576682,2.584502,-0.992180,-27.740240,4.655518,3.521620,-1.133897,-24.355988,1998,lai,Leaf Area Index,Index,native_spatial_distribution,Native grids; not paired pixelwise
296100,904930,287.129822,287.325226,0.195404,9.824965,6.825010,0.694660,0.109400,0.000000,288.827057,287.482605,-1.344452,-0.465487,294.704987,292.964844,-1.740143,-0.590469,299.031433,296.826508,-2.204926,-0.737356,300.410522,297.760468,-2.650055,-0.882145,302.522064,298.527130,-3.994934,-1.320543,1999,t2m,2m Temperature,K,native_spatial_distribution,Native grids; not paired pixelwise
296100,904930,280.201111,280.372742,0.171631,10.046573,8.061185,0.802382,0.114550,0.000000,281.671509,279.439758,-2.231750,-0.792324,288.088440,287.024475,-1.063965,-0.369319,293.254517,292.354309,-0.900208,-0.306971,295.793793,293.635742,-2.158051,-0.729579,297.257721,294.462616,-2.795105,-0.940297,1999,d2m,2m Dewpoint,K,native_spatial_distribution,Native grids; not paired pixelwise
296100,904930,957.348999,958.498535,1.149536,72.382935,73.803169,1.019621,0.072650,0.000000,984.755981,988.061707,3.305725,0.335690,1014.807739,1016.541260,1.733521,0.170823,1018.846252,1018.014160,-0.832092,-0.081670,1020.054138,1018.490662,-1.563477,-0.153274,1022.280457,1019.654419,-2.626038,-0.256880,1999,sp,Surface Pressure,hPa,native_spatial_distribution,Native grids; not paired pixelwise
296100,904930,0.428749,0.267766,-0.160983,1.767829,1.454985,0.823035,0.094650,0.000000,0.510581,0.409625,-0.100957,-19.772871,1.365612,1.007164,-0.358448,-26.248156,2.429009,1.849172,-0.579837,-23.871326,3.333194,2.291818,-1.041377,-31.242601,4.769820,3.710756,-1.059064,-22.203432,1999,u10,10m U-Wind,m/s,native_spatial_distribution,Native grids; not paired pixelwise
296100,904930,-0.105477,-0.264396,-0.158919,1.950767,1.722084,0.882773,0.154850,0.000000,0.280265,0.178532,-0.101733,-36.298920,0.910026,0.527526,-0.382500,-42.031796,1.643193,0.984588,-0.658605,-40.080788,2.288714,1.261443,-1.027271,-44.884193,3.548222,2.011880,-1.536342,-43.298935,1999,v10,10m V-Wind,m/s,native_spatial_distribution,Native grids; not paired pixelwise
296100,904924,1.106045,0.737606,-0.368440,1.150296,0.891979,0.775434,0.201550,0.000000,0.864980,0.408680,-0.456300,-52.752701,1.682294,1.108200,-0.574094,-34.125641,2.707469,2.156048,-0.551420,-20.366640,3.576682,2.584502,-0.992180,-27.740240,4.655518,3.521620,-1.133897,-24.355988,1999,lai,Leaf Area Index,Index,native_spatial_distribution,Native grids; not paired pixelwise
296100,904930,286.832825,287.013947,0.181122,10.514789,7.132497,0.678330,0.114270,0.000000,289.049072,287.494751,-1.554321,-0.537736,294.820129,292.676758,-2.143372,-0.727010,299.055054,296.708984,-2.346069,-0.784494,300.459076,297.680298,-2.778778,-0.924844,303.219391,298.452484,-4.766907,-1.572098,2000,t2m,2m Temperature,K,native_spatial_distribution,Native grids; not paired pixelwise
296100,904930,280.115479,280.276611,0.161133,10.197402,8.111180,0.795416,0.114740,0.000000,281.480774,279.327454,-2.153320,-0.764997,288.119934,287.448975,-0.670959,-0.232875,292.884460,292.228607,-0.655853,-0.223929,295.398682,293.604218,-1.794464,-0.607472,296.945892,294.455292,-2.490601,-0.838739,2000,d2m,2m Dewpoint,K,native_spatial_distribution,Native grids; not paired pixelwise
296100,904930,957.560181,958.686829,1.126648,72.502243,73.934723,1.019758,0.080550,0.000000,985.119507,988.394775,3.275269,0.332474,1015.396973,1016.803528,1.406555,0.138523,1018.605530,1018.348755,-0.256775,-0.025208,1020.411804,1018.658142,-1.753662,-0.171858,1022.094788,1018.957764,-3.137024,-0.306921,2000,sp,Surface Pressure,hPa,native_spatial_distribution,Native grids; not paired pixelwise
296100,904930,0.447683,0.321030,-0.126654,1.648219,1.440741,0.874120,0.080830,0.000000,0.555669,0.465400,-0.090269,-16.245123,1.269920,1.020629,-0.249291,-19.630428,2.235062,1.929907,-0.305156,-13.653111,3.089908,2.452897,-0.637011,-20.615852,4.668821,3.587376,-1.081445,-23.163134,2000,u10,10m U-Wind,m/s,native_spatial_distribution,Native grids; not paired pixelwise
296100,904930,-0.079203,-0.215978,-0.136775,1.860439,1.577011,0.847655,0.129890,0.000000,0.223693,0.118219,-0.105474,-47.151329,0.878080,0.515668,-0.362412,-41.273239,1.671866,1.070773,-0.601094,-35.953449,2.325951,1.394476,-0.931474,-40.047035,3.499483,2.254445,-1.245038,-35.577770,2000,v10,10m V-Wind,m/s,native_spatial_distribution,Native grids; not paired pixelwise
296100,904924,1.106106,0.736666,-0.369441,1.150320,0.890843,0.774431,0.201720,0.000000,0.865100,0.408281,-0.456819,-52.805332,1.682411,1.106878,-0.575532,-34.208797,2.707650,2.152638,-0.555012,-20.497906,3.576779,2.580269,-0.996510,-27.860531,4.655518,3.518519,-1.136998,-24.422594,2000,lai,Leaf Area Index,Index,native_spatial_distribution,Native grids; not paired pixelwise
296100,904930,287.081909,287.322632,0.240723,10.225417,6.698913,0.655124,0.125490,0.000000,289.188049,287.530212,-1.657837,-0.573273,294.987610,292.589264,-2.398346,-0.813033,298.929962,296.687714,-2.242249,-0.750092,300.348877,297.640167,-2.708710,-0.901854,303.115784,298.486511,-4.629272,-1.527229,2001,t2m,2m Temperature,K,native_spatial_distribution,Native grids; not paired pixelwise
296100,904930,280.481842,280.666229,0.184387,9.903287,7.943956,0.802154,0.099280,0.000000,281.679749,279.912231,-1.767517,-0.627492,288.315948,287.422485,-0.893463,-0.309890,293.030548,292.262939,-0.767609,-0.261955,295.558319,293.638733,-1.919586,-0.649478,296.933624,294.581177,-2.352448,-0.792247,2001,d2m,2m Dewpoint,K,native_spatial_distribution,Native grids; not paired pixelwise
296100,904930,957.492615,958.610901,1.118286,72.548309,73.975266,1.019669,0.070520,0.000000,984.980103,988.268921,3.288818,0.333897,1015.486511,1016.774658,1.288147,0.126850,1018.776855,1018.416931,-0.359924,-0.035329,1020.065002,1018.851257,-1.213745,-0.118987,1022.175171,1019.269165,-2.906006,-0.284296,2001,sp,Surface Pressure,hPa,native_spatial_distribution,Native grids; not paired pixelwise
296100,904930,0.404979,0.255024,-0.149955,1.777109,1.510050,0.849723,0.096510,0.000000,0.527256,0.463134,-0.064122,-12.161526,1.371611,1.022743,-0.348868,-25.434900,2.371890,1.921303,-0.450587,-18.996960,3.124917,2.409163,-0.715754,-22.904743,4.522645,3.450269,-1.072377,-23.711275,2001,u10,10m U-Wind,m/s,native_spatial_distribution,Native grids; not paired pixelwise
296100,904930,-0.041103,-0.192127,-0.151025,1.815243,1.570849,0.865365,0.126210,0.000000,0.232205,0.183955,-0.048249,-20.778759,0.895373,0.583777,-0.311596,-34.800667,1.729468,1.035948,-0.693520,-40.100193,2.365561,1.365967,-0.999594,-42.256115,3.579643,1.980323,-1.599320,-44.678192,2001,v10,10m V-Wind,m/s,native_spatial_distribution,Native grids; not paired pixelwise
296100,904924,1.106045,0.737608,-0.368437,1.150296,0.891977,0.775433,0.201550,0.000000,0.864980,0.408680,-0.456300,-52.752701,1.682294,1.108200,-0.574094,-34.125641,2.707469,2.156048,-0.551420,-20.366640,3.576682,2.584502,-0.992180,-27.740240,4.655518,3.521620,-1.133897,-24.355988,2001,lai,Leaf Area Index,Index,native_spatial_distribution,Native grids; not paired pixelwise
296100,904930,286.906799,287.053375,0.146576,10.398446,7.143543,0.686982,0.119130,0.000000,288.940063,287.371460,-1.568604,-0.542882,295.378235,292.732544,-2.645691,-0.895696,299.309357,296.881531,-2.427826,-0.811143,300.388885,297.972321,-2.416565,-0.804479,302.647552,298.814026,-3.833527,-1.266664,2002,t2m,2m Temperature,K,native_spatial_distribution,Native grids; not paired pixelwise
296100,904930,280.055267,280.246643,0.191376,10.484881,8.541958,0.814693,0.108150,0.000000,281.518433,279.618439,-1.899994,-0.674909,288.622131,287.325165,-1.296967,-0.449365,293.713226,292.722900,-0.990326,-0.337174,295.834381,294.067322,-1.767059,-0.597314,297.087708,294.968628,-2.119080,-0.713284,2002,d2m,2m Dewpoint,K,native_spatial_distribution,Native grids; not paired pixelwise
296100,904930,957.440430,958.561218,1.120789,72.458153,73.909523,1.020030,0.070710,0.000000,984.836121,988.149414,3.313293,0.336431,1015.263184,1016.583130,1.319946,0.130010,1018.869934,1018.376404,-0.493530,-0.048439,1019.987671,1018.775574,-1.212097,-0.118834,1021.833679,1019.283752,-2.549927,-0.249544,2002,sp,Surface Pressure,hPa,native_spatial_distribution,Native grids; not paired pixelwise
296100,904930,0.464030,0.261747,-0.202283,1.750749,1.487290,0.849517,0.097330,0.000000,0.567010,0.474737,-0.092273,-16.273682,1.426158,1.061178,-0.364979,-25.591801,2.452961,1.900523,-0.552438,-22.521284,3.227107,2.288430,-0.938677,-29.087248,4.855044,3.502631,-1.352413,-27.855843,2002,u10,10m U-Wind,m/s,native_spatial_distribution,Native grids; not paired pixelwise
296100,904930,-0.042002,-0.201328,-0.159326,1.792527,1.601466,0.893413,0.123600,0.000000,0.226893,0.203346,-0.023547,-10.378043,0.859614,0.586366,-0.273247,-31.787237,1.613558,0.960020,-0.653538,-40.502930,2.233258,1.177758,-1.055500,-47.262772,3.271130,1.749785,-1.521345,-46.508244,2002,v10,10m V-Wind,m/s,native_spatial_distribution,Native grids; not paired pixelwise
296100,904924,1.106045,0.737605,-0.368441,1.150296,0.891980,0.775435,0.201550,0.000000,0.864980,0.408680,-0.456300,-52.752701,1.682294,1.108200,-0.574094,-34.125641,2.707469,2.156048,-0.551420,-20.366640,3.576682,2.584502,-0.992180,-27.740240,4.655518,3.521620,-1.133897,-24.355988,2002,lai,Leaf Area Index,Index,native_spatial_distribution,Native grids; not paired pixelwise
296100,904930,286.901245,287.103851,0.202606,10.619744,7.168199,0.674988,0.118160,0.000000,289.169128,287.508057,-1.661072,-0.574429,295.040619,292.722870,-2.317749,-0.785569,299.347565,296.847290,-2.500275,-0.835241,300.395477,297.874878,-2.520599,-0.839094,302.623260,298.796478,-3.826782,-1.264537,2003,t2m,2m Temperature,K,native_spatial_distribution,Native grids; not paired pixelwise
296100,904930,280.215240,280.475891,0.260651,10.542868,8.289810,0.786296,0.130090,0.000000,281.677490,279.356628,-2.320862,-0.823943,288.548218,287.718231,-0.829987,-0.287642,293.884064,292.641937,-1.242126,-0.422659,296.057526,293.960236,-2.097290,-0.708406,297.100769,294.864136,-2.236633,-0.752820,2003,d2m,2m Dewpoint,K,native_spatial_distribution,Native grids; not paired pixelwise
296100,904930,956.852112,957.978516,1.126404,72.263168,73.683853,1.019660,0.070180,0.000000,984.117676,987.321472,3.203796,0.325550,1014.547913,1016.018921,1.471008,0.144992,1017.917664,1017.423462,-0.494202,-0.048550,1019.334534,1017.864014,-1.470520,-0.144263,1021.218384,1018.499268,-2.719116,-0.266262,2003,sp,Surface Pressure,hPa,native_spatial_distribution,Native grids; not paired pixelwise
296100,904930,0.472352,0.314519,-0.157833,1.716654,1.365752,0.795590,0.099260,0.000000,0.537180,0.452090,-0.085090,-15.840176,1.359623,1.006073,-0.353550,-26.003538,2.352162,1.761283,-0.590879,-25.120691,3.278743,2.260091,-1.018652,-31.068378,5.109837,3.494308,-1.615529,-31.616060,2003,u10,10m U-Wind,m/s,native_spatial_distribution,Native grids; not paired pixelwise
296100,904930,-0.029345,-0.163124,-0.133779,1.803384,1.538272,0.852992,0.114260,0.000000,0.202159,0.152493,-0.049666,-24.567930,0.857551,0.536240,-0.321311,-37.468479,1.708790,1.041905,-0.666885,-39.026730,2.443331,1.407020,-1.036311,-42.413872,3.716819,1.943800,-1.773020,-47.702606,2003,v10,10m V-Wind,m/s,native_spatial_distribution,Native grids; not paired pixelwise
296100,904924,1.106045,0.737627,-0.368418,1.150296,0.891961,0.775419,0.201550,0.000000,0.864980,0.408680,-0.456300,-52.752701,1.682294,1.108200,-0.574094,-34.125641,2.707469,2.156048,-0.551420,-20.366640,3.576682,2.584502,-0.992180,-27.740240,4.655518,3.521620,-1.133897,-24.355988,2003,lai,Leaf Area Index,Index,native_spatial_distribution,Native grids; not paired pixelwise
296100,904930,286.778625,287.311829,0.533203,10.315016,6.970448,0.675757,0.109350,0.000000,288.961823,287.706696,-1.255127,-0.434357,294.629150,292.797516,-1.831635,-0.621675,298.734711,296.841034,-1.893677,-0.633899,300.182770,297.714508,-2.468262,-0.822253,302.023804,298.542328,-3.481476,-1.152716,2004,t2m,2m Temperature,K,native_spatial_distribution,Native grids; not paired pixelwise
296100,904930,280.306610,281.050598,0.743988,10.140453,7.904381,0.779490,0.121270,0.000000,281.658691,280.404663,-1.254028,-0.445230,288.230347,287.828369,-0.401978,-0.139464,292.942291,292.423279,-0.519012,-0.177172,295.706177,293.636780,-2.069397,-0.699815,297.086884,294.518951,-2.567932,-0.864371,2004,d2m,2m Dewpoint,K,native_spatial_distribution,Native grids; not paired pixelwise
296100,904930,957.597046,958.628540,1.031494,72.513969,73.959099,1.019929,0.076850,0.000000,985.185852,988.448303,3.262451,0.331151,1015.265381,1016.618225,1.352844,0.133250,1019.031311,1018.294556,-0.736755,-0.072300,1020.082275,1018.785461,-1.296814,-0.127128,1021.653198,1019.249634,-2.403564,-0.235262,2004,sp,Surface Pressure,hPa,native_spatial_distribution,Native grids; not paired pixelwise
296100,904930,0.419624,0.245986,-0.173639,1.705268,1.436653,0.842479,0.084490,0.000000,0.519096,0.431488,-0.087608,-16.877069,1.250234,0.971431,-0.278802,-22.300020,2.185652,1.813478,-0.372175,-17.028078,3.041173,2.347589,-0.693584,-22.806454,4.640615,3.311097,-1.329519,-28.649620,2004,u10,10m U-Wind,m/s,native_spatial_distribution,Native grids; not paired pixelwise
296100,904930,-0.100578,-0.203396,-0.102818,1.831888,1.566774,0.855279,0.098930,0.000000,0.201418,0.146475,-0.054943,-27.277918,0.793507,0.547257,-0.246250,-31.033073,1.667922,1.034209,-0.633713,-37.994144,2.366807,1.308515,-1.058292,-44.713898,3.621956,2.012990,-1.608966,-44.422565,2004,v10,10m V-Wind,m/s,native_spatial_distribution,Native grids; not paired pixelwise
296100,904924,1.106106,0.764015,-0.342091,1.150320,0.923962,0.803222,0.195570,0.000000,0.865100,0.419850,-0.445250,-51.468063,1.682411,1.144608,-0.537803,-31.966204,2.707650,2.246401,-0.461249,-17.035036,3.576779,2.697013,-0.879766,-24.596586,4.655518,3.614816,-1.040702,-22.354155,2004,lai,Leaf Area Index,Index,native_spatial_distribution,Native grids; not paired pixelwise
296100,904930,287.173370,288.030243,0.856873,10.336831,6.647106,0.643051,0.138540,0.000000,289.256470,288.289703,-0.966766,-0.334225,295.048767,293.402527,-1.646240,-0.557955,299.448639,297.251007,-2.197632,-0.733893,300.807190,298.102448,-2.704742,-0.899162,302.834229,298.811798,-4.022430,-1.328261,2005,t2m,2m Temperature,K,native_spatial_distribution,Native grids; not paired pixelwise
296100,904930,280.311340,281.439056,1.127716,10.135446,7.666067,0.756362,0.144820,0.000000,281.455933,280.584412,-0.871521,-0.309647,288.203033,287.903564,-0.299469,-0.103909,293.039978,292.799438,-0.240540,-0.082084,296.113251,294.009521,-2.103729,-0.710448,297.559601,294.839813,-2.719788,-0.914031,2005,d2m,2m Dewpoint,K,native_spatial_distribution,Native grids; not paired pixelwise
296100,904930,956.756348,957.878296,1.121948,72.221252,73.540443,1.018266,0.077310,0.000000,984.433960,987.680054,3.246094,0.329742,1014.095947,1015.445862,1.349915,0.133115,1017.556396,1016.835999,-0.720398,-0.070797,1018.812988,1017.165161,-1.647827,-0.161740,1021.381958,1018.144104,-3.237854,-0.317007,2005,sp,Surface Pressure,hPa,native_spatial_distribution,Native grids; not paired pixelwise
296100,904930,0.361880,0.179644,-0.182235,1.581993,1.335405,0.844129,0.084440,0.000000,0.408615,0.314450,-0.094165,-23.044958,1.154729,0.862383,-0.292346,-25.317289,2.124538,1.605803,-0.518735,-24.416351,3.004670,2.082103,-0.922567,-30.704424,4.560578,3.383898,-1.176680,-25.801123,2005,u10,10m U-Wind,m/s,native_spatial_distribution,Native grids; not paired pixelwise
296100,904930,-0.136234,-0.302301,-0.166068,1.730799,1.539657,0.889564,0.139950,0.000000,0.182674,0.049123,-0.133552,-73.109200,0.784557,0.435463,-0.349093,-44.495613,1.441239,0.898706,-0.542533,-37.643536,1.971279,1.196636,-0.774643,-39.296478,2.979439,1.834142,-1.145298,-38.440037,2005,v10,10m V-Wind,m/s,native_spatial_distribution,Native grids; not paired pixelwise
296100,904924,1.106045,0.771621,-0.334425,1.150296,0.933480,0.811512,0.193860,0.000000,0.864980,0.423103,-0.441877,-51.085217,1.682294,1.155618,-0.526676,-31.307013,2.707469,2.274584,-0.432885,-15.988557,3.576682,2.730158,-0.846524,-23.667850,4.655518,3.637043,-1.018475,-21.876720,2005,lai,Leaf Area Index,Index,native_spatial_distribution,Native grids; not paired pixelwise
296100,904930,287.519196,287.617065,0.097870,9.882832,6.746986,0.682698,0.119150,0.000000,289.283325,287.909454,-1.373871,-0.474922,295.216095,293.086853,-2.129242,-0.721249,299.475006,296.911743,-2.563263,-0.855919,300.755768,297.882599,-2.873169,-0.955316,303.115143,298.649689,-4.465454,-1.473187,2006,t2m,2m Temperature,K,native_spatial_distribution,Native grids; not paired pixelwise
296100,904930,280.109802,280.761932,0.652130,9.941157,7.907009,0.795381,0.123450,0.000000,281.222351,279.927368,-1.294983,-0.460484,288.059570,287.556183,-0.503387,-0.174751,292.846375,292.310486,-0.535889,-0.182993,295.463318,293.738007,-1.725311,-0.583934,297.076477,294.673340,-2.403137,-0.808929,2006,d2m,2m Dewpoint,K,native_spatial_distribution,Native grids; not paired pixelwise
296100,904930,956.846680,957.987122,1.140442,72.273232,73.694115,1.019660,0.083890,0.000000,983.931885,987.219055,3.287170,0.334085,1014.616943,1016.076172,1.459229,0.143821,1018.035645,1017.612549,-0.423096,-0.041560,1019.679199,1018.028442,-1.650757,-0.161890,1022.513184,1018.653503,-3.859680,-0.377470,2006,sp,Surface Pressure,hPa,native_spatial_distribution,Native grids; not paired pixelwise
296100,904930,0.502208,0.349512,-0.152696,1.685679,1.396934,0.828707,0.078160,0.000000,0.507310,0.453031,-0.054279,-10.699294,1.319649,1.029079,-0.290570,-22.018721,2.466615,1.908039,-0.558576,-22.645454,3.318604,2.416018,-0.902585,-27.197744,4.986051,3.463479,-1.522572,-30.536634,2006,u10,10m U-Wind,m/s,native_spatial_distribution,Native grids; not paired pixelwise
296100,904930,-0.036322,-0.161068,-0.124746,1.777755,1.600164,0.900104,0.090400,0.000000,0.232590,0.145173,-0.087417,-37.584030,0.824747,0.582181,-0.242566,-29.410963,1.587246,1.166081,-0.421165,-26.534332,2.275612,1.512055,-0.763557,-33.553921,3.469550,2.138437,-1.331114,-38.365593,2006,v10,10m V-Wind,m/s,native_spatial_distribution,Native grids; not paired pixelwise
296100,904924,1.106045,0.737604,-0.368442,1.150296,0.891981,0.775436,0.201550,0.000000,0.864980,0.408680,-0.456300,-52.752701,1.682294,1.108200,-0.574094,-34.125641,2.707469,2.156048,-0.551420,-20.366640,3.576682,2.584502,-0.992180,-27.740240,4.655518,3.521620,-1.133897,-24.355988,2006,lai,Leaf Area Index,Index,native_spatial_distribution,Native grids; not paired pixelwise
296100,904930,287.125427,287.206543,0.081116,10.541088,6.969708,0.661194,0.113140,0.000000,289.362000,287.576447,-1.785553,-0.617065,295.279358,292.596649,-2.682709,-0.908532,299.215973,296.802795,-2.413177,-0.806500,300.571564,297.903625,-2.667938,-0.887622,302.625519,298.868378,-3.757141,-1.241515,2007,t2m,2m Temperature,K,native_spatial_distribution,Native grids; not paired pixelwise
296100,904930,279.910828,280.611786,0.700958,10.496056,8.083396,0.770137,0.131060,0.000000,281.475952,279.806458,-1.669495,-0.593122,288.269989,287.328156,-0.941833,-0.326719,293.047302,292.516541,-0.530762,-0.181118,295.753906,293.937134,-1.816772,-0.614285,297.186829,294.876587,-2.310242,-0.777370,2007,d2m,2m Dewpoint,K,native_spatial_distribution,Native grids; not paired pixelwise
296100,904930,957.275757,958.440613,1.164856,72.476540,73.897820,1.019610,0.069230,0.000000,984.790405,988.147461,3.357056,0.340890,1014.935486,1016.320801,1.385315,0.136493,1018.628967,1018.123901,-0.505066,-0.049583,1020.029053,1018.587708,-1.441345,-0.141304,1022.083984,1019.294739,-2.789246,-0.272898,2007,sp,Surface Pressure,hPa,native_spatial_distribution,Native grids; not paired pixelwise
296100,904930,0.391923,0.218084,-0.173839,1.871831,1.555456,0.830981,0.085540,0.000000,0.516826,0.432540,-0.084286,-16.308470,1.344233,1.024659,-0.319574,-23.773733,2.435046,1.949281,-0.485765,-19.948917,3.273055,2.414840,-0.858214,-26.220587,5.136611,3.587335,-1.549276,-30.161436,2007,u10,10m U-Wind,m/s,native_spatial_distribution,Native grids; not paired pixelwise
296100,904930,-0.129132,-0.313917,-0.184785,1.863166,1.726974,0.926903,0.121710,0.000000,0.206569,0.141662,-0.064907,-31.421486,0.821019,0.512994,-0.308025,-37.517406,1.529397,0.958626,-0.570770,-37.319958,2.039592,1.217722,-0.821870,-40.295795,3.218371,1.785761,-1.432610,-44.513523,2007,v10,10m V-Wind,m/s,native_spatial_distribution,Native grids; not paired pixelwise
296100,904924,1.106045,0.737610,-0.368435,1.150296,0.891975,0.775431,0.201550,0.000000,0.864980,0.408680,-0.456300,-52.752701,1.682294,1.108200,-0.574094,-34.125641,2.707469,2.156048,-0.551420,-20.366640,3.576682,2.584502,-0.992180,-27.740240,4.655518,3.521620,-1.133897,-24.355988,2007,lai,Leaf Area Index,Index,native_spatial_distribution,Native grids; not paired pixelwise
296100,904930,286.696381,286.715668,0.019287,10.609839,7.356625,0.693378,0.114100,0.000000,288.844238,287.136932,-1.707306,-0.591082,294.924194,292.737000,-2.187195,-0.741613,299.125336,296.708862,-2.416473,-0.807846,300.428741,297.765564,-2.663177,-0.886459,302.603058,298.590546,-4.012512,-1.325999,2008,t2m,2m Temperature,K,native_spatial_distribution,Native grids; not paired pixelwise
296100,904930,279.436035,280.094574,0.658539,10.666746,8.304833,0.778572,0.141010,0.000000,280.823029,278.944275,-1.878754,-0.669017,288.088562,287.314056,-0.774506,-0.268843,292.670624,292.265259,-0.405365,-0.138506,295.646637,293.683594,-1.963043,-0.663983,297.089722,294.653473,-2.436249,-0.820038,2008,d2m,2m Dewpoint,K,native_spatial_distribution,Native grids; not paired pixelwise
296100,904930,956.924805,958.065857,1.141052,72.542801,73.967010,1.019633,0.072890,0.000000,984.187256,987.501465,3.314209,0.336746,1014.541199,1016.235962,1.694763,0.167047,1018.698425,1018.005127,-0.693298,-0.068057,1020.049683,1018.451233,-1.598450,-0.156703,1021.977295,1019.104126,-2.873169,-0.281138,2008,sp,Surface Pressure,hPa,native_spatial_distribution,Native grids; not paired pixelwise
296100,904930,0.467805,0.302892,-0.164913,1.728385,1.503719,0.870014,0.100060,0.000000,0.591072,0.474850,-0.116222,-19.662973,1.376025,1.053811,-0.322214,-23.416321,2.424548,1.883749,-0.540799,-22.305138,3.218045,2.421550,-0.796495,-24.750900,4.583859,3.723287,-0.860572,-18.773972,2008,u10,10m U-Wind,m/s,native_spatial_distribution,Native grids; not paired pixelwise
296100,904930,-0.032677,-0.215150,-0.182473,1.852988,1.679554,0.906403,0.117000,0.000000,0.239819,0.177683,-0.062136,-25.909639,0.913910,0.584008,-0.329902,-36.097847,1.662282,1.122786,-0.539496,-32.455147,2.276069,1.442562,-0.833508,-36.620480,3.671397,2.018079,-1.653318,-45.032402,2008,v10,10m V-Wind,m/s,native_spatial_distribution,Native grids; not paired pixelwise
296100,904924,1.106106,0.737269,-0.368837,1.150320,0.891425,0.774937,0.201600,0.000000,0.865100,0.408484,-0.456616,-52.781914,1.682411,1.107678,-0.574733,-34.161259,2.707650,2.154981,-0.552669,-20.411402,3.576779,2.582558,-0.994221,-27.796539,4.655518,3.519651,-1.135867,-24.398294,2008,lai,Leaf Area Index,Index,native_spatial_distribution,Native grids; not paired pixelwise
296100,904930,286.704895,286.787720,0.082825,10.651462,7.425483,0.697133,0.109990,0.000000,288.999298,287.238831,-1.760468,-0.609160,294.572235,292.871094,-1.701141,-0.577495,299.263245,296.910065,-2.353180,-0.786324,300.634430,297.910431,-2.723999,-0.906084,303.239990,298.658539,-4.581451,-1.510834,2009,t2m,2m Temperature,K,native_spatial_distribution,Native grids; not paired pixelwise
296100,904930,279.707977,280.304749,0.596771,10.633242,8.313158,0.781808,0.137420,0.000000,281.173248,279.246887,-1.926361,-0.685115,287.970612,287.570282,-0.400330,-0.139018,293.286652,292.498322,-0.788330,-0.268792,295.931519,293.780243,-2.151276,-0.726950,297.237366,294.673340,-2.564026,-0.862619,2009,d2m,2m Dewpoint,K,native_spatial_distribution,Native grids; not paired pixelwise
296100,904930,957.010742,958.125122,1.114380,72.418091,73.839005,1.019621,0.070140,0.000000,984.401611,987.648560,3.246948,0.329840,1014.598572,1016.104736,1.506165,0.148449,1018.274597,1017.720642,-0.553955,-0.054401,1019.846619,1018.166504,-1.680115,-0.164742,1021.790222,1018.866882,-2.923340,-0.286100,2009,sp,Surface Pressure,hPa,native_spatial_distribution,Native grids; not paired pixelwise
296100,904930,0.452138,0.295318,-0.156819,1.665776,1.381446,0.829311,0.089100,0.000000,0.489357,0.425743,-0.063613,-12.999392,1.255352,0.958677,-0.296675,-23.632837,2.353220,1.796622,-0.556598,-23.652624,3.248086,2.347954,-0.900132,-27.712685,4.881863,3.498311,-1.383551,-28.340645,2009,u10,10m U-Wind,m/s,native_spatial_distribution,Native grids; not paired pixelwise
296100,904930,-0.045682,-0.190970,-0.145288,1.821859,1.604342,0.880607,0.116120,0.000000,0.220118,0.116612,-0.103507,-47.023293,0.861760,0.544820,-0.316940,-36.778206,1.712351,1.153034,-0.559317,-32.663673,2.386316,1.584958,-0.801358,-33.581390,3.878796,2.127887,-1.750909,-45.140526,2009,v10,10m V-Wind,m/s,native_spatial_distribution,Native grids; not paired pixelwise
296100,904924,1.106045,0.735384,-0.370662,1.150296,0.889154,0.772978,0.202090,0.000000,0.864980,0.407429,-0.457551,-52.897308,1.682294,1.105003,-0.577291,-34.315697,2.707469,2.147264,-0.560205,-20.691088,3.576682,2.574505,-1.002177,-28.019733,4.655518,3.514135,-1.141383,-24.516773,2009,lai,Leaf Area Index,Index,native_spatial_distribution,Native grids; not paired pixelwise
296100,904930,286.972015,287.035065,0.063049,10.379483,6.642181,0.639934,0.142530,0.000000,288.774353,287.341522,-1.432831,-0.496177,294.811584,292.269318,-2.542267,-0.862336,299.810730,296.245636,-3.565094,-1.189115,301.165985,297.286652,-3.879333,-1.288105,303.124420,298.154755,-4.969666,-1.639480,2010,t2m,2m Temperature,K,native_spatial_distribution,Native grids; not paired pixelwise
296100,904930,280.032532,280.657471,0.624939,10.105451,7.418305,0.734089,0.153830,0.000000,280.845612,279.829834,-1.015778,-0.361685,287.679138,286.925842,-0.753296,-0.261853,293.618195,291.573639,-2.044556,-0.696331,296.115936,292.964935,-3.151001,-1.064111,297.825104,293.918121,-3.906982,-1.311838,2010,d2m,2m Dewpoint,K,native_spatial_distribution,Native grids; not paired pixelwise
296100,904930,955.865417,957.028625,1.163208,72.266975,73.716431,1.020057,0.059310,0.000000,983.419922,986.641479,3.221558,0.327587,1013.535400,1014.864319,1.328918,0.131117,1016.836304,1016.395081,-0.441223,-0.043392,1018.067749,1016.682983,-1.384766,-0.136019,1019.614380,1018.168762,-1.445618,-0.141781,2010,sp,Surface Pressure,hPa,native_spatial_distribution,Native grids; not paired pixelwise
296100,904930,0.622431,0.514963,-0.107468,1.753920,1.425690,0.812859,0.062660,0.000000,0.589105,0.535379,-0.053726,-9.119886,1.409077,1.195977,-0.213099,-15.123332,2.630287,2.222066,-0.408221,-15.520008,3.626248,2.923004,-0.703244,-19.393150,5.662293,3.906116,-1.756177,-31.015299,2010,u10,10m U-Wind,m/s,native_spatial_distribution,Native grids; not paired pixelwise
296100,904930,-0.174455,-0.269386,-0.094931,1.861804,1.582336,0.849894,0.130780,0.000000,0.169143,0.060735,-0.108408,-64.092697,0.854378,0.468184,-0.386195,-45.201836,1.602869,1.027696,-0.575173,-35.883942,2.199771,1.346997,-0.852774,-38.766468,3.338795,2.036401,-1.302394,-39.007915,2010,v10,10m V-Wind,m/s,native_spatial_distribution,Native grids; not paired pixelwise
296100,904924,1.106045,0.737642,-0.368404,1.150296,0.891950,0.775409,0.201550,0.000000,0.864980,0.408680,-0.456300,-52.752701,1.682294,1.108200,-0.574094,-34.125641,2.707469,2.156048,-0.551420,-20.366640,3.576682,2.584502,-0.992180,-27.740240,4.655518,3.521620,-1.133897,-24.355988,2010,lai,Leaf Area Index,Index,native_spatial_distribution,Native grids; not paired pixelwise
296100,904930,287.081390,287.105835,0.024445,10.735329,7.158730,0.666838,0.127530,0.000000,289.032562,287.652191,-1.380371,-0.477583,295.314880,293.081757,-2.233124,-0.756184,299.828949,296.824585,-3.004364,-1.002026,301.336639,297.789368,-3.547272,-1.177179,304.619904,298.661011,-5.958893,-1.956173,2011,t2m,2m Temperature,K,native_spatial_distribution,Native grids; not paired pixelwise
296100,904930,279.774261,280.249023,0.474762,10.483286,8.223995,0.784486,0.137640,0.000000,280.999573,279.289398,-1.710175,-0.608604,288.107544,287.034851,-1.072693,-0.372324,293.132385,292.491699,-0.640686,-0.218565,295.724884,293.857727,-1.867157,-0.631383,297.505310,294.752869,-2.752441,-0.925174,2011,d2m,2m Dewpoint,K,native_spatial_distribution,Native grids; not paired pixelwise
296100,904930,956.538147,957.712524,1.174377,72.479012,73.870552,1.019199,0.072220,0.000000,983.654785,986.915894,3.261108,0.331530,1014.339600,1015.947205,1.607605,0.158488,1018.221619,1017.515442,-0.706177,-0.069354,1019.819214,1018.067749,-1.751465,-0.171743,1021.634949,1018.941467,-2.693481,-0.263644,2011,sp,Surface Pressure,hPa,native_spatial_distribution,Native grids; not paired pixelwise
296100,904930,0.449033,0.303887,-0.145146,1.751396,1.495491,0.853885,0.095890,0.000000,0.539171,0.425370,-0.113801,-21.106663,1.372667,1.040445,-0.332222,-24.202662,2.457724,1.904818,-0.552906,-22.496668,3.243509,2.434555,-0.808954,-24.940693,4.804224,3.839486,-0.964738,-20.081032,2011,u10,10m U-Wind,m/s,native_spatial_distribution,Native grids; not paired pixelwise
296100,904930,0.001157,-0.185918,-0.187075,1.911887,1.689677,0.883775,0.113880,0.000000,0.267559,0.196529,-0.071030,-26.547285,0.945901,0.614433,-0.331468,-35.042599,1.811497,1.135760,-0.675737,-37.302696,2.575238,1.396514,-1.178723,-45.771446,3.819617,2.171200,-1.648417,-43.156616,2011,v10,10m V-Wind,m/s,native_spatial_distribution,Native grids; not paired pixelwise
296100,904924,1.106045,0.737649,-0.368396,1.150296,0.891943,0.775403,0.201550,0.000000,0.864980,0.408680,-0.456300,-52.752701,1.682294,1.108200,-0.574094,-34.125641,2.707469,2.156048,-0.551420,-20.366640,3.576682,2.584502,-0.992180,-27.740240,4.655518,3.521620,-1.133897,-24.355988,2011,lai,Leaf Area Index,Index,native_spatial_distribution,Native grids; not paired pixelwise
296100,904930,287.981293,287.990540,0.009247,9.842904,6.728308,0.683569,0.123580,0.000000,289.752014,288.308228,-1.443787,-0.498284,295.705200,293.483917,-2.221283,-0.751182,299.621429,297.171021,-2.450409,-0.817835,300.794861,298.017670,-2.777191,-0.923284,303.311157,298.767029,-4.544128,-1.498174,2012,t2m,2m Temperature,K,native_spatial_distribution,Native grids; not paired pixelwise
296100,904930,280.328857,280.927460,0.598602,9.924807,8.088086,0.814936,0.121230,0.000000,281.690491,280.278931,-1.411560,-0.501103,288.108978,287.860779,-0.248199,-0.086148,293.071320,292.664215,-0.407104,-0.138910,295.722351,293.872467,-1.849884,-0.625548,297.180908,294.725250,-2.455658,-0.826318,2012,d2m,2m Dewpoint,K,native_spatial_distribution,Native grids; not paired pixelwise
296100,904930,956.774841,957.949890,1.175049,72.380798,73.767845,1.019163,0.071320,0.000000,983.972290,987.288452,3.316162,0.337018,1014.518433,1016.182983,1.664551,0.164073,1018.249512,1017.685730,-0.563782,-0.055368,1019.712280,1018.139404,-1.572876,-0.154247,1021.638184,1018.787415,-2.850769,-0.279039,2012,sp,Surface Pressure,hPa,native_spatial_distribution,Native grids; not paired pixelwise
296100,904930,0.479120,0.330355,-0.148765,1.632424,1.444058,0.884610,0.066590,0.000000,0.533971,0.466118,-0.067853,-12.707211,1.283676,1.054694,-0.228982,-17.837965,2.299137,1.891502,-0.407636,-17.729937,3.248837,2.449183,-0.799655,-24.613565,4.686321,3.735031,-0.951290,-20.299286,2012,u10,10m U-Wind,m/s,native_spatial_distribution,Native grids; not paired pixelwise
296100,904930,0.053210,-0.096682,-0.149892,1.864679,1.655727,0.887942,0.109150,0.000000,0.340078,0.229989,-0.110089,-32.371777,0.971365,0.656601,-0.314763,-32.404259,1.776497,1.258759,-0.517738,-29.143751,2.396937,1.524659,-0.872278,-36.391357,3.465124,2.290106,-1.175018,-33.909840,2012,v10,10m V-Wind,m/s,native_spatial_distribution,Native grids; not paired pixelwise
296100,904924,1.106106,0.736687,-0.369419,1.150320,0.890825,0.774415,0.201720,0.000000,0.865100,0.408281,-0.456819,-52.805332,1.682411,1.106878,-0.575532,-34.208797,2.707650,2.152638,-0.555012,-20.497906,3.576779,2.580269,-0.996510,-27.860531,4.655518,3.518519,-1.136998,-24.422594,2012,lai,Leaf Area Index,Index,native_spatial_distribution,Native grids; not paired pixelwise
296100,904930,286.684509,286.795776,0.111267,10.782287,7.287466,0.675874,0.122270,0.000000,289.178101,287.123962,-2.054138,-0.710337,295.080688,292.547638,-2.533051,-0.858426,299.159912,296.819000,-2.340912,-0.782495,300.451691,297.861450,-2.590240,-0.862115,302.871155,298.768890,-4.102264,-1.354459,2013,t2m,2m Temperature,K,native_spatial_distribution,Native grids; not paired pixelwise
296100,904930,279.732727,280.329407,0.596680,10.684718,8.243665,0.771538,0.159540,0.000000,281.406189,279.200317,-2.205872,-0.783875,288.266174,287.472626,-0.793549,-0.275283,293.223755,292.506226,-0.717529,-0.244704,295.735931,293.957611,-1.778320,-0.601320,296.935333,294.942963,-1.992371,-0.670978,2013,d2m,2m Dewpoint,K,native_spatial_distribution,Native grids; not paired pixelwise
296100,904930,957.617859,958.734375,1.116516,72.448135,73.873825,1.019679,0.070440,0.000000,985.061951,988.365601,3.303650,0.335375,1015.123962,1016.483582,1.359619,0.133936,1019.006409,1018.524902,-0.481506,-0.047253,1020.635559,1019.038147,-1.597412,-0.156512,1022.432556,1019.607422,-2.825134,-0.276315,2013,sp,Surface Pressure,hPa,native_spatial_distribution,Native grids; not paired pixelwise
296100,904930,0.356551,0.174510,-0.182042,1.845194,1.547691,0.838769,0.095490,0.000000,0.469842,0.403612,-0.066230,-14.096267,1.319318,0.960094,-0.359224,-27.227985,2.348429,1.860146,-0.488284,-20.791922,3.295599,2.358665,-0.936934,-28.429844,5.021832,3.353687,-1.668145,-33.217865,2013,u10,10m U-Wind,m/s,native_spatial_distribution,Native grids; not paired pixelwise
296100,904930,-0.133084,-0.304640,-0.171556,1.857950,1.633590,0.879244,0.122990,0.000000,0.191344,0.093532,-0.097813,-51.118763,0.825905,0.511671,-0.314234,-38.047192,1.525655,0.940567,-0.585089,-38.349995,2.154839,1.175717,-0.979121,-45.438263,3.793346,1.708701,-2.084645,-54.955315,2013,v10,10m V-Wind,m/s,native_spatial_distribution,Native grids; not paired pixelwise
296100,904924,1.106045,0.737650,-0.368396,1.150296,0.891943,0.775403,0.201550,0.000000,0.864980,0.408680,-0.456300,-52.752701,1.682294,1.108200,-0.574094,-34.125641,2.707469,2.156048,-0.551420,-20.366640,3.576682,2.584502,-0.992180,-27.740240,4.655518,3.521620,-1.133897,-24.355988,2013,lai,Leaf Area Index,Index,native_spatial_distribution,Native grids; not paired pixelwise
296100,904930,286.848663,286.946838,0.098175,10.829928,7.599391,0.701703,0.110310,0.000000,289.482422,287.589294,-1.893127,-0.653970,295.119080,293.187469,-1.931610,-0.654519,299.083282,297.126526,-1.956757,-0.654251,300.439972,298.161682,-2.278290,-0.758318,302.786652,299.044067,-3.742584,-1.236047,2014,t2m,2m Temperature,K,native_spatial_distribution,Native grids; not paired pixelwise
296100,904930,279.794586,280.513550,0.718964,10.942919,8.281691,0.756808,0.170340,0.000000,281.561218,279.000305,-2.560913,-0.909540,288.619781,288.391235,-0.228546,-0.079186,293.090607,292.665588,-0.425018,-0.145013,295.677277,293.999786,-1.677490,-0.567338,297.184692,294.883545,-2.301147,-0.774316,2014,d2m,2m Dewpoint,K,native_spatial_distribution,Native grids; not paired pixelwise
296100,904930,957.033020,958.195190,1.162170,72.331947,73.729034,1.019315,0.066550,0.000000,984.377380,987.682556,3.305176,0.335763,1015.048096,1016.273193,1.225098,0.120694,1018.141663,1017.698425,-0.443237,-0.043534,1019.142334,1018.009766,-1.132568,-0.111130,1020.553345,1018.611816,-1.941528,-0.190243,2014,sp,Surface Pressure,hPa,native_spatial_distribution,Native grids; not paired pixelwise
296100,904930,0.526689,0.349523,-0.177166,1.583597,1.385869,0.875140,0.087240,0.000000,0.555222,0.521164,-0.034059,-6.134214,1.426559,1.073690,-0.352869,-24.735695,2.359328,1.767946,-0.591382,-25.065683,3.057230,2.148992,-0.908239,-29.707893,4.431864,3.600547,-0.831317,-18.757721,2014,u10,10m U-Wind,m/s,native_spatial_distribution,Native grids; not paired pixelwise
296100,904930,-0.037130,-0.190156,-0.153025,1.727908,1.507837,0.872637,0.094610,0.000000,0.194175,0.127208,-0.066968,-34.488178,0.813001,0.558675,-0.254326,-31.282394,1.551208,1.078573,-0.472635,-30.468853,2.196685,1.404426,-0.792258,-36.066093,3.724553,1.964960,-1.759592,-47.243053,2014,v10,10m V-Wind,m/s,native_spatial_distribution,Native grids; not paired pixelwise
296100,904924,1.106045,0.737659,-0.368387,1.150296,0.891935,0.775396,0.201550,0.000000,0.864980,0.408680,-0.456300,-52.752701,1.682294,1.108200,-0.574094,-34.125641,2.707469,2.156048,-0.551420,-20.366640,3.576682,2.584502,-0.992180,-27.740240,4.655518,3.521620,-1.133897,-24.355988,2014,lai,Leaf Area Index,Index,native_spatial_distribution,Native grids; not paired pixelwise
296100,904930,287.696686,287.760925,0.064240,10.507623,7.227436,0.687828,0.100410,0.000000,290.088318,288.167023,-1.921295,-0.662314,295.698486,293.597778,-2.100708,-0.710422,299.544800,297.628662,-1.916138,-0.639683,300.758362,298.632111,-2.126251,-0.706963,303.036469,299.390503,-3.645966,-1.203144,2015,t2m,2m Temperature,K,native_spatial_distribution,Native grids; not paired pixelwise
296100,904930,280.930817,281.567566,0.636749,10.594573,8.118256,0.766266,0.136450,0.000000,282.581665,280.660583,-1.921082,-0.679832,289.353333,288.802887,-0.550446,-0.190233,294.202301,293.456726,-0.745575,-0.253423,296.080017,294.704742,-1.375275,-0.464494,297.271362,295.508270,-1.763092,-0.593092,2015,d2m,2m Dewpoint,K,native_spatial_distribution,Native grids; not paired pixelwise
296100,904930,957.461182,958.592468,1.131287,72.370232,73.780090,1.019481,0.071130,0.000000,985.119873,988.523438,3.403564,0.345497,1014.735535,1016.216858,1.481323,0.145981,1018.594055,1018.133545,-0.460510,-0.045210,1020.181824,1018.623352,-1.558472,-0.152764,1021.843201,1019.137512,-2.705688,-0.264785,2015,sp,Surface Pressure,hPa,native_spatial_distribution,Native grids; not paired pixelwise
296100,904930,0.350855,0.153736,-0.197119,1.676565,1.398601,0.834207,0.103750,0.000000,0.478800,0.371339,-0.107461,-22.443865,1.248593,0.904418,-0.344175,-27.565022,2.185162,1.645751,-0.539411,-24.685160,2.980363,2.042622,-0.937741,-31.463984,4.531657,3.202540,-1.329117,-29.329601,2015,u10,10m U-Wind,m/s,native_spatial_distribution,Native grids; not paired pixelwise
296100,904930,-0.028725,-0.188426,-0.159701,1.802037,1.558030,0.864594,0.129350,0.000000,0.227020,0.191920,-0.035100,-15.461406,0.903598,0.572431,-0.331168,-36.649853,1.682641,0.980827,-0.701814,-41.709057,2.266073,1.218081,-1.047991,-46.247025,3.547983,1.794090,-1.753893,-49.433525,2015,v10,10m V-Wind,m/s,native_spatial_distribution,Native grids; not paired pixelwise
296100,904924,1.106045,0.737652,-0.368394,1.150296,0.891941,0.775401,0.201550,0.000000,0.864980,0.408680,-0.456300,-52.752701,1.682294,1.108200,-0.574094,-34.125641,2.707469,2.156048,-0.551420,-20.366640,3.576682,2.584502,-0.992180,-27.740240,4.655518,3.521620,-1.133897,-24.355988,2015,lai,Leaf Area Index,Index,native_spatial_distribution,Native grids; not paired pixelwise
296100,904930,287.895691,287.878998,-0.016693,10.114500,7.018646,0.693919,0.116260,0.000000,289.937378,288.362823,-1.574554,-0.543067,295.617767,293.431213,-2.186554,-0.739656,299.827820,297.482788,-2.345032,-0.782126,301.060516,298.427704,-2.632812,-0.874513,303.070679,299.143890,-3.926788,-1.295668,2016,t2m,2m Temperature,K,native_spatial_distribution,Native grids; not paired pixelwise
296100,904930,280.863434,281.515015,0.651581,10.123849,7.910069,0.781330,0.123250,0.000000,282.200256,280.834564,-1.365692,-0.483944,288.837555,288.411743,-0.425812,-0.147423,293.984924,292.921265,-1.063660,-0.361808,296.366730,294.250702,-2.116028,-0.713990,297.626801,295.134247,-2.492554,-0.837476,2016,d2m,2m Dewpoint,K,native_spatial_distribution,Native grids; not paired pixelwise
296100,904930,957.303101,958.482178,1.179077,72.285286,73.728844,1.019970,0.059720,0.000000,984.660828,988.050842,3.390015,0.344282,1015.299561,1016.447571,1.148010,0.113071,1018.222290,1018.070496,-0.151794,-0.014908,1019.439148,1018.465149,-0.973999,-0.095543,1021.061096,1018.926636,-2.134460,-0.209043,2016,sp,Surface Pressure,hPa,native_spatial_distribution,Native grids; not paired pixelwise
296100,904930,0.441219,0.289231,-0.151988,1.704196,1.487311,0.872734,0.080000,0.000000,0.543833,0.465275,-0.078557,-14.445117,1.316838,1.045599,-0.271239,-20.597765,2.379355,1.904618,-0.474737,-19.952356,3.236644,2.388209,-0.848435,-26.213419,4.452064,3.535907,-0.916156,-20.578239,2016,u10,10m U-Wind,m/s,native_spatial_distribution,Native grids; not paired pixelwise
296100,904930,-0.043702,-0.182728,-0.139026,1.795390,1.539770,0.857625,0.129010,0.000000,0.270829,0.165290,-0.105538,-38.968655,0.899030,0.571727,-0.327304,-36.406284,1.637448,1.041608,-0.595840,-36.388344,2.210152,1.329863,-0.880289,-39.829353,3.290927,1.961362,-1.329565,-40.400921,2016,v10,10m V-Wind,m/s,native_spatial_distribution,Native grids; not paired pixelwise
296100,904924,1.106106,0.736693,-0.369413,1.150320,0.890820,0.774411,0.201720,0.000000,0.865100,0.408281,-0.456819,-52.805332,1.682411,1.106878,-0.575532,-34.208797,2.707650,2.152638,-0.555012,-20.497906,3.576779,2.580269,-0.996510,-27.860531,4.655518,3.518519,-1.136998,-24.422594,2016,lai,Leaf Area Index,Index,native_spatial_distribution,Native grids; not paired pixelwise
296100,904930,287.696259,287.775269,0.079010,10.204498,7.228779,0.708391,0.105220,0.000000,289.873932,288.309326,-1.564606,-0.539754,295.538330,293.637360,-1.900970,-0.643223,299.423004,297.523621,-1.899384,-0.634348,300.713715,298.330597,-2.383118,-0.792487,302.861847,299.015320,-3.846527,-1.270060,2017,t2m,2m Temperature,K,native_spatial_distribution,Native grids; not paired pixelwise
296100,904930,280.718842,281.228149,0.509308,10.194523,8.269129,0.811134,0.126100,0.000000,282.187317,280.422028,-1.765289,-0.625574,288.777527,288.520508,-0.257019,-0.089002,293.651764,293.197083,-0.454681,-0.154837,296.220001,294.395142,-1.824860,-0.616049,297.554474,295.211670,-2.342804,-0.787353,2017,d2m,2m Dewpoint,K,native_spatial_distribution,Native grids; not paired pixelwise
296100,904930,956.911987,958.110596,1.198608,72.218933,73.631416,1.019558,0.068280,0.000000,983.970337,987.322144,3.351807,0.340641,1014.492432,1016.082520,1.590088,0.156737,1018.373291,1017.771240,-0.602051,-0.059119,1019.590149,1018.230774,-1.359375,-0.133326,1021.409546,1018.919189,-2.490356,-0.243816,2017,sp,Surface Pressure,hPa,native_spatial_distribution,Native grids; not paired pixelwise
296100,904930,0.466441,0.299357,-0.167084,1.768684,1.476197,0.834630,0.091180,0.000000,0.564988,0.495264,-0.069724,-12.340822,1.379340,1.063751,-0.315589,-22.879683,2.508275,1.849004,-0.659272,-26.283863,3.328916,2.348091,-0.980825,-29.463791,4.805756,3.544018,-1.261739,-26.254734,2017,u10,10m U-Wind,m/s,native_spatial_distribution,Native grids; not paired pixelwise
296100,904930,0.043505,-0.100021,-0.143525,1.792502,1.546238,0.862614,0.108580,0.000000,0.279861,0.229080,-0.050782,-18.145252,0.939320,0.635690,-0.303630,-32.324451,1.793496,1.161386,-0.632110,-35.244591,2.556650,1.516625,-1.040026,-40.679237,3.594722,2.132896,-1.461826,-40.665890,2017,v10,10m V-Wind,m/s,native_spatial_distribution,Native grids; not paired pixelwise
296100,904924,1.106045,0.737633,-0.368413,1.150296,0.891957,0.775415,0.201550,0.000000,0.864980,0.408680,-0.456300,-52.752701,1.682294,1.108200,-0.574094,-34.125641,2.707469,2.156048,-0.551420,-20.366640,3.576682,2.584502,-0.992180,-27.740240,4.655518,3.521620,-1.133897,-24.355988,2017,lai,Leaf Area Index,Index,native_spatial_distribution,Native grids; not paired pixelwise
296100,904930,287.283539,287.434082,0.150543,10.783449,7.289511,0.675991,0.122950,0.000000,289.831848,287.980225,-1.851624,-0.638861,295.835114,293.263641,-2.571472,-0.869225,299.798798,297.273895,-2.524902,-0.842199,300.848022,298.263000,-2.585022,-0.859245,303.417328,299.004059,-4.413269,-1.454521,2018,t2m,2m Temperature,K,native_spatial_distribution,Native grids; not paired pixelwise
296100,904930,280.441956,280.979462,0.537506,10.812148,8.344180,0.771741,0.145440,0.000000,281.968933,280.296021,-1.672913,-0.593297,289.427795,288.310181,-1.117615,-0.386146,294.290588,293.081024,-1.209564,-0.411010,296.234955,294.249054,-1.985901,-0.670380,297.352905,295.062805,-2.290100,-0.770162,2018,d2m,2m Dewpoint,K,native_spatial_distribution,Native grids; not paired pixelwise
296100,904930,957.849792,958.961914,1.112122,72.507782,73.891724,1.019087,0.056960,0.000000,985.387085,988.653076,3.265991,0.331442,1015.463379,1016.819946,1.356567,0.133591,1018.826721,1018.639160,-0.187561,-0.018410,1020.571960,1019.112122,-1.459839,-0.143041,1024.245850,1019.902344,-4.343506,-0.424069,2018,sp,Surface Pressure,hPa,native_spatial_distribution,Native grids; not paired pixelwise
296100,904930,0.375549,0.219917,-0.155632,1.738510,1.423999,0.819091,0.096390,0.000000,0.472481,0.362187,-0.110294,-23.343637,1.265808,0.938491,-0.327317,-25.858374,2.305216,1.770470,-0.534746,-23.197210,3.177953,2.255300,-0.922653,-29.032938,4.612932,3.457305,-1.155627,-25.051903,2018,u10,10m U-Wind,m/s,native_spatial_distribution,Native grids; not paired pixelwise
296100,904930,0.023278,-0.130030,-0.153308,1.867651,1.573416,0.842458,0.112010,0.000000,0.243085,0.177205,-0.065880,-27.101658,0.919422,0.585526,-0.333896,-36.315838,1.832461,1.209898,-0.622564,-33.974182,2.627538,1.548787,-1.078751,-41.055588,3.983330,2.043463,-1.939867,-48.699642,2018,v10,10m V-Wind,m/s,native_spatial_distribution,Native grids; not paired pixelwise
296100,904924,1.106045,0.737648,-0.368398,1.150296,0.891944,0.775404,0.201550,0.000000,0.864980,0.408680,-0.456300,-52.752701,1.682294,1.108200,-0.574094,-34.125641,2.707469,2.156048,-0.551420,-20.366640,3.576682,2.584502,-0.992180,-27.740240,4.655518,3.521620,-1.133897,-24.355988,2018,lai,Leaf Area Index,Index,native_spatial_distribution,Native grids; not paired pixelwise
296100,904930,287.000397,287.132904,0.132507,11.001901,7.653576,0.695659,0.112930,0.000000,289.395874,287.901367,-1.494507,-0.516423,295.615936,293.345856,-2.270081,-0.767915,299.887360,297.405701,-2.481659,-0.827530,301.079865,298.463470,-2.616394,-0.869003,303.314423,299.356018,-3.958405,-1.305050,2019,t2m,2m Temperature,K,native_spatial_distribution,Native grids; not paired pixelwise
296100,904930,280.366425,280.953064,0.586639,10.786093,8.522584,0.790146,0.126090,0.000000,281.662415,280.214905,-1.447510,-0.513917,289.139343,288.146484,-0.992859,-0.343384,293.929169,293.379761,-0.549408,-0.186918,296.468872,294.700775,-1.768097,-0.596385,297.683563,295.567474,-2.116089,-0.710852,2019,d2m,2m Dewpoint,K,native_spatial_distribution,Native grids; not paired pixelwise
296100,904930,956.973145,958.126526,1.153381,72.473793,73.901939,1.019706,0.064800,0.000000,984.417480,987.725708,3.308228,0.336059,1014.961975,1016.151123,1.189148,0.117162,1018.147888,1017.678040,-0.469849,-0.046147,1019.343018,1018.117004,-1.226013,-0.120275,1020.674072,1018.705872,-1.968201,-0.192833,2019,sp,Surface Pressure,hPa,native_spatial_distribution,Native grids; not paired pixelwise
296100,904930,0.405821,0.261930,-0.143891,1.635076,1.421215,0.869204,0.087090,0.000000,0.486920,0.452151,-0.034769,-7.140573,1.305822,0.983032,-0.322790,-24.719296,2.245775,1.801290,-0.444485,-19.792053,3.022980,2.237624,-0.785356,-25.979530,4.358310,3.408903,-0.949407,-21.783840,2019,u10,10m U-Wind,m/s,native_spatial_distribution,Native grids; not paired pixelwise
296100,904930,0.010139,-0.137029,-0.147167,1.722303,1.464659,0.850407,0.096740,0.000000,0.206127,0.157733,-0.048395,-23.478163,0.849931,0.586108,-0.263823,-31.040512,1.740882,1.087792,-0.653090,-37.514896,2.484911,1.365575,-1.119336,-45.045311,3.538951,1.956342,-1.582609,-44.719723,2019,v10,10m V-Wind,m/s,native_spatial_distribution,Native grids; not paired pixelwise
296100,904924,1.106045,0.737650,-0.368396,1.150296,0.891943,0.775403,0.201550,0.000000,0.864980,0.408680,-0.456300,-52.752701,1.682294,1.108200,-0.574094,-34.125641,2.707469,2.156048,-0.551420,-20.366640,3.576682,2.584502,-0.992180,-27.740240,4.655518,3.521620,-1.133897,-24.355988,2019,lai,Leaf Area Index,Index,native_spatial_distribution,Native grids; not paired pixelwise
296100,904930,287.760498,287.856750,0.096252,10.164123,7.116010,0.700111,0.112380,0.000000,289.680664,288.174774,-1.505890,-0.519845,295.878693,293.674835,-2.203857,-0.744852,299.906067,297.570068,-2.335999,-0.778910,301.095612,298.496613,-2.598999,-0.863181,303.608215,299.298981,-4.309235,-1.419341,2020,t2m,2m Temperature,K,native_spatial_distribution,Native grids; not paired pixelwise
296100,904930,280.402252,281.020996,0.618744,10.361053,8.555234,0.825711,0.117970,0.000000,281.228027,280.390564,-0.837463,-0.297788,288.952087,288.445282,-0.506805,-0.175394,294.087097,293.337708,-0.749390,-0.254819,296.361420,294.623322,-1.738098,-0.586479,297.646118,295.536743,-2.109375,-0.708686,2020,d2m,2m Dewpoint,K,native_spatial_distribution,Native grids; not paired pixelwise
296100,904930,957.456848,958.649597,1.192749,72.201500,73.610786,1.019519,0.067280,0.000000,984.619385,988.034546,3.415161,0.346851,1014.916870,1016.396973,1.480103,0.145835,1018.864197,1018.292114,-0.572083,-0.056149,1020.094604,1018.815186,-1.279419,-0.125422,1022.367188,1019.494446,-2.872742,-0.280989,2020,sp,Surface Pressure,hPa,native_spatial_distribution,Native grids; not paired pixelwise
296100,904930,0.442880,0.263199,-0.179681,1.760641,1.542219,0.875942,0.094380,0.000000,0.625818,0.503230,-0.122588,-19.588453,1.419661,1.089607,-0.330053,-23.248753,2.365517,1.827113,-0.538404,-22.760511,3.105660,2.285561,-0.820099,-26.406605,4.306497,3.725497,-0.581000,-13.491241,2020,u10,10m U-Wind,m/s,native_spatial_distribution,Native grids; not paired pixelwise
296100,904930,0.000428,-0.188489,-0.188916,1.783789,1.625996,0.911541,0.125180,0.000000,0.270084,0.192871,-0.077213,-28.588436,0.882426,0.549332,-0.333094,-37.747543,1.640216,1.048444,-0.591773,-36.078938,2.228702,1.426259,-0.802444,-36.004971,3.442677,1.947508,-1.495169,-43.430412,2020,v10,10m V-Wind,m/s,native_spatial_distribution,Native grids; not paired pixelwise
296100,904924,1.106106,0.736707,-0.369400,1.150320,0.890809,0.774401,0.201720,0.000000,0.865100,0.408281,-0.456819,-52.805332,1.682411,1.106878,-0.575532,-34.208797,2.707650,2.152638,-0.555012,-20.497906,3.576779,2.580269,-0.996510,-27.860531,4.655518,3.518519,-1.136998,-24.422594,2020,lai,Leaf Area Index,Index,native_spatial_distribution,Native grids; not paired pixelwise
