n,era5_mean,conus404_mean,bias,mae,rmse,pearson_r,pearson_pvalue,r_squared,nrmse,n_era5,n_conus404,mean_difference,era5_std,conus404_std,std_ratio,ks_statistic,ks_pvalue,p50_era5,p50_conus404,p50_difference,p50_percent_bias,p75_era5,p75_conus404,p75_difference,p75_percent_bias,p90_era5,p90_conus404,p90_difference,p90_percent_bias,p95_era5,p95_conus404,p95_difference,p95_percent_bias,p99_era5,p99_conus404,p99_difference,p99_percent_bias,wind_p50_era5,wind_p50_conus404,wind_p50_difference,wind_p50_percent_bias,wind_p75_era5,wind_p75_conus404,wind_p75_difference,wind_p75_percent_bias,wind_p90_era5,wind_p90_conus404,wind_p90_difference,wind_p90_percent_bias,wind_p95_era5,wind_p95_conus404,wind_p95_difference,wind_p95_percent_bias,wind_p99_era5,wind_p99_conus404,wind_p99_difference,wind_p99_percent_bias,era5_wind_ge_5ms_frequency,conus404_wind_ge_5ms_frequency,wind_ge_5ms_frequency_difference,era5_wind_ge_10ms_frequency,conus404_wind_ge_10ms_frequency,wind_ge_10ms_frequency_difference,era5_wind_ge_15ms_frequency,conus404_wind_ge_15ms_frequency,wind_ge_15ms_frequency_difference,era5_wind_ge_20ms_frequency,conus404_wind_ge_20ms_frequency,wind_ge_20ms_frequency_difference,year,variable,variable_name,units,metric_type
366,1.002349,0.784724,-0.217625,0.415907,0.504628,0.598587,0.000000,0.358306,0.924620,366,366,-0.217625,0.545768,0.453781,0.831453,0.185792,0.000006,0.933865,0.708701,-0.225163,-24.110928,1.326117,1.063257,-0.262861,-19.821819,1.763741,1.386682,-0.377059,-21.378374,1.960552,1.592311,-0.368241,-18.782503,2.411563,2.139796,-0.271766,-11.269308,0.933865,0.708701,-0.225163,-24.110928,1.326117,1.063257,-0.262861,-19.821819,1.763741,1.386682,-0.377059,-21.378374,1.960552,1.592311,-0.368241,-18.782503,2.411563,2.139796,-0.271766,-11.269308,0.000000,0.000000,0.000000,0.000000,0.000000,0.000000,0.000000,0.000000,0.000000,0.000000,0.000000,0.000000,1980,wind_speed,10m Wind Speed,m/s,derived_wind_speed
365,1.009631,0.807924,-0.201707,0.397772,0.488931,0.621396,0.000000,0.386133,0.879728,365,365,-0.201707,0.555775,0.438915,0.789734,0.180822,0.000012,0.915882,0.743223,-0.172659,-18.851681,1.338433,1.135207,-0.203226,-15.183885,1.814967,1.399629,-0.415337,-22.884022,2.094418,1.567115,-0.527303,-25.176580,2.439207,1.933598,-0.505609,-20.728420,0.915882,0.743223,-0.172659,-18.851681,1.338433,1.135207,-0.203226,-15.183885,1.814967,1.399629,-0.415337,-22.884022,2.094418,1.567115,-0.527303,-25.176580,2.439207,1.933598,-0.505609,-20.728420,0.000000,0.000000,0.000000,0.000000,0.000000,0.000000,0.000000,0.000000,0.000000,0.000000,0.000000,0.000000,1981,wind_speed,10m Wind Speed,m/s,derived_wind_speed
365,0.876021,0.775924,-0.100097,0.399178,0.486431,0.530868,0.000000,0.281821,0.943333,365,365,-0.100097,0.515652,0.462514,0.896950,0.112329,0.019926,0.799669,0.700752,-0.098918,-12.369820,1.153313,1.031459,-0.121854,-10.565589,1.557320,1.371948,-0.185372,-11.903285,1.922011,1.563767,-0.358243,-18.638977,2.310902,2.109482,-0.201420,-8.716080,0.799669,0.700752,-0.098918,-12.369820,1.153313,1.031459,-0.121854,-10.565589,1.557320,1.371948,-0.185372,-11.903285,1.922011,1.563767,-0.358243,-18.638977,2.310902,2.109482,-0.201420,-8.716080,0.000000,0.000000,0.000000,0.000000,0.000000,0.000000,0.000000,0.000000,0.000000,0.000000,0.000000,0.000000,1982,wind_speed,10m Wind Speed,m/s,derived_wind_speed
365,0.895398,0.744098,-0.151301,0.397364,0.488265,0.543103,0.000000,0.294961,0.962344,365,365,-0.151301,0.507371,0.459989,0.906613,0.161644,0.000140,0.825110,0.669316,-0.155794,-18.881563,1.174441,1.015746,-0.158696,-13.512450,1.561327,1.385610,-0.175718,-11.254379,1.760753,1.595440,-0.165313,-9.388779,2.340695,1.988373,-0.352322,-15.052028,0.825110,0.669316,-0.155794,-18.881563,1.174441,1.015746,-0.158696,-13.512450,1.561327,1.385610,-0.175718,-11.254379,1.760753,1.595440,-0.165313,-9.388779,2.340695,1.988373,-0.352322,-15.052028,0.000000,0.000000,0.000000,0.000000,0.000000,0.000000,0.000000,0.000000,0.000000,0.000000,0.000000,0.000000,1983,wind_speed,10m Wind Speed,m/s,derived_wind_speed
366,0.940964,0.778684,-0.162279,0.409248,0.495159,0.488559,0.000000,0.238690,1.030806,366,366,-0.162279,0.480361,0.442478,0.921136,0.169399,0.000053,0.917033,0.728070,-0.188963,-20.605871,1.226545,1.087293,-0.139252,-11.353212,1.547954,1.336790,-0.211164,-13.641499,1.750627,1.540230,-0.210397,-12.018366,2.135365,1.947954,-0.187412,-8.776555,0.917033,0.728070,-0.188963,-20.605871,1.226545,1.087293,-0.139252,-11.353212,1.547954,1.336790,-0.211164,-13.641499,1.750627,1.540230,-0.210397,-12.018366,2.135365,1.947954,-0.187412,-8.776555,0.000000,0.000000,0.000000,0.000000,0.000000,0.000000,0.000000,0.000000,0.000000,0.000000,0.000000,0.000000,1984,wind_speed,10m Wind Speed,m/s,derived_wind_speed
365,0.996800,0.793410,-0.203391,0.441991,0.553453,0.606183,0.000000,0.367457,0.874988,365,365,-0.203391,0.632526,0.492369,0.778417,0.134247,0.002751,0.863955,0.706890,-0.157065,-18.179800,1.302848,1.074329,-0.228519,-17.539932,1.883756,1.525024,-0.358732,-19.043463,2.196701,1.783489,-0.413212,-18.810575,2.983285,2.053606,-0.929679,-31.162928,0.863955,0.706890,-0.157065,-18.179800,1.302848,1.074329,-0.228519,-17.539932,1.883756,1.525024,-0.358732,-19.043463,2.196701,1.783489,-0.413212,-18.810575,2.983285,2.053606,-0.929679,-31.162928,0.000000,0.000000,0.000000,0.000000,0.000000,0.000000,0.000000,0.000000,0.000000,0.000000,0.000000,0.000000,1985,wind_speed,10m Wind Speed,m/s,derived_wind_speed
365,0.902310,0.725485,-0.176825,0.402494,0.507552,0.478893,0.000000,0.229339,1.028852,365,365,-0.176825,0.493318,0.433202,0.878138,0.169863,0.000051,0.822365,0.665558,-0.156807,-19.067791,1.188783,0.997976,-0.190807,-16.050587,1.567117,1.324833,-0.242284,-15.460475,1.858248,1.572485,-0.285763,-15.378066,2.300082,1.861234,-0.438847,-19.079645,0.822365,0.665558,-0.156807,-19.067791,1.188783,0.997976,-0.190807,-16.050587,1.567117,1.324833,-0.242284,-15.460475,1.858248,1.572485,-0.285763,-15.378066,2.300082,1.861234,-0.438847,-19.079645,0.000000,0.000000,0.000000,0.000000,0.000000,0.000000,0.000000,0.000000,0.000000,0.000000,0.000000,0.000000,1986,wind_speed,10m Wind Speed,m/s,derived_wind_speed
365,0.959669,0.889280,-0.070388,0.351767,0.420990,0.693671,0.000000,0.481180,0.764291,365,365,-0.070388,0.550824,0.504011,0.915012,0.106849,0.030924,0.875440,0.803718,-0.071723,-8.192748,1.285728,1.169729,-0.115999,-9.022080,1.676654,1.563883,-0.112771,-6.725955,1.970600,1.895527,-0.075072,-3.809616,2.576406,2.222107,-0.354300,-13.751696,0.875440,0.803718,-0.071723,-8.192748,1.285728,1.169729,-0.115999,-9.022080,1.676654,1.563883,-0.112771,-6.725955,1.970600,1.895527,-0.075072,-3.809616,2.576406,2.222107,-0.354300,-13.751696,0.000000,0.000000,0.000000,0.000000,0.000000,0.000000,0.000000,0.000000,0.000000,0.000000,0.000000,0.000000,1987,wind_speed,10m Wind Speed,m/s,derived_wind_speed
366,0.972530,0.807043,-0.165487,0.391901,0.474190,0.617873,0.000000,0.381768,0.883303,366,366,-0.165487,0.536837,0.470618,0.876651,0.155738,0.000272,0.881562,0.719880,-0.161682,-18.340368,1.273178,1.073338,-0.199840,-15.696175,1.679979,1.488837,-0.191142,-11.377631,2.028858,1.692249,-0.336609,-16.591072,2.622426,2.179323,-0.443102,-16.896652,0.881562,0.719880,-0.161682,-18.340368,1.273178,1.073338,-0.199840,-15.696175,1.679979,1.488837,-0.191142,-11.377631,2.028858,1.692249,-0.336609,-16.591072,2.622426,2.179323,-0.443102,-16.896652,0.000000,0.000000,0.000000,0.000000,0.000000,0.000000,0.000000,0.000000,0.000000,0.000000,0.000000,0.000000,1988,wind_speed,10m Wind Speed,m/s,derived_wind_speed
365,0.907409,0.749705,-0.157704,0.398656,0.485219,0.563442,0.000000,0.317467,0.907811,365,365,-0.157703,0.534494,0.425971,0.796962,0.117808,0.012558,0.811336,0.688450,-0.122886,-15.146101,1.195494,1.024436,-0.171058,-14.308539,1.636167,1.318384,-0.317783,-19.422409,1.928054,1.528735,-0.399319,-20.710985,2.589737,1.951241,-0.638496,-24.654861,0.811336,0.688450,-0.122886,-15.146101,1.195494,1.024436,-0.171058,-14.308539,1.636167,1.318384,-0.317783,-19.422409,1.928054,1.528735,-0.399319,-20.710985,2.589737,1.951241,-0.638496,-24.654861,0.000000,0.000000,0.000000,0.000000,0.000000,0.000000,0.000000,0.000000,0.000000,0.000000,0.000000,0.000000,1989,wind_speed,10m Wind Speed,m/s,derived_wind_speed
365,0.855920,0.743728,-0.112193,0.371515,0.454850,0.444926,0.000000,0.197959,1.015815,365,365,-0.112193,0.447769,0.382239,0.853654,0.131507,0.003593,0.789838,0.684598,-0.105239,-13.324159,1.075448,0.967608,-0.107840,-10.027410,1.463144,1.312487,-0.150657,-10.296828,1.660449,1.474820,-0.185629,-11.179461,2.155313,1.676808,-0.478505,-22.201166,0.789838,0.684598,-0.105239,-13.324159,1.075448,0.967608,-0.107840,-10.027410,1.463144,1.312487,-0.150657,-10.296828,1.660449,1.474820,-0.185629,-11.179461,2.155313,1.676808,-0.478505,-22.201166,0.000000,0.000000,0.000000,0.000000,0.000000,0.000000,0.000000,0.000000,0.000000,0.000000,0.000000,0.000000,1990,wind_speed,10m Wind Speed,m/s,derived_wind_speed
365,0.915142,0.729527,-0.185615,0.396954,0.492182,0.574756,0.000000,0.330345,0.926929,365,365,-0.185615,0.530981,0.442978,0.834263,0.200000,0.000001,0.862518,0.603360,-0.259157,-30.046629,1.194012,0.952229,-0.241783,-20.249630,1.634148,1.328782,-0.305366,-18.686546,1.898858,1.532518,-0.366341,-19.292685,2.566941,2.103692,-0.463248,-18.046717,0.862518,0.603360,-0.259157,-30.046629,1.194012,0.952229,-0.241783,-20.249630,1.634148,1.328782,-0.305366,-18.686546,1.898858,1.532518,-0.366341,-19.292685,2.566941,2.103692,-0.463248,-18.046717,0.000000,0.000000,0.000000,0.000000,0.000000,0.000000,0.000000,0.000000,0.000000,0.000000,0.000000,0.000000,1991,wind_speed,10m Wind Speed,m/s,derived_wind_speed
366,0.943179,0.769867,-0.173313,0.374686,0.465979,0.574576,0.000000,0.330138,0.929385,366,366,-0.173312,0.501385,0.424851,0.847355,0.158470,0.000199,0.846493,0.702133,-0.144360,-17.053846,1.256410,1.063614,-0.192796,-15.344991,1.554772,1.361420,-0.193352,-12.436047,1.890501,1.598871,-0.291629,-15.426042,2.441674,1.820927,-0.620747,-25.423021,0.846493,0.702133,-0.144360,-17.053846,1.256410,1.063614,-0.192796,-15.344991,1.554772,1.361420,-0.193352,-12.436047,1.890501,1.598871,-0.291629,-15.426042,2.441674,1.820927,-0.620747,-25.423021,0.000000,0.000000,0.000000,0.000000,0.000000,0.000000,0.000000,0.000000,0.000000,0.000000,0.000000,0.000000,1992,wind_speed,10m Wind Speed,m/s,derived_wind_speed
365,0.890787,0.693157,-0.197630,0.412450,0.506937,0.450112,0.000000,0.202601,1.038363,365,365,-0.197630,0.488208,0.386690,0.792062,0.200000,0.000001,0.834081,0.620389,-0.213691,-25.619993,1.155610,0.955388,-0.200223,-17.326139,1.568980,1.203328,-0.365652,-23.305101,1.796505,1.384854,-0.411650,-22.913950,2.260988,1.685562,-0.575425,-25.450176,0.834081,0.620389,-0.213691,-25.619993,1.155610,0.955388,-0.200223,-17.326139,1.568980,1.203328,-0.365652,-23.305101,1.796505,1.384854,-0.411650,-22.913950,2.260988,1.685562,-0.575425,-25.450176,0.000000,0.000000,0.000000,0.000000,0.000000,0.000000,0.000000,0.000000,0.000000,0.000000,0.000000,0.000000,1993,wind_speed,10m Wind Speed,m/s,derived_wind_speed
365,0.864877,0.702692,-0.162186,0.385097,0.485175,0.521043,0.000000,0.271486,1.001124,365,365,-0.162186,0.484630,0.447416,0.923212,0.172603,0.000036,0.817653,0.610114,-0.207539,-25.382330,1.129498,0.955348,-0.174150,-15.418358,1.492759,1.335619,-0.157140,-10.526796,1.684137,1.624779,-0.059358,-3.524549,2.295931,1.909896,-0.386035,-16.813868,0.817653,0.610114,-0.207539,-25.382330,1.129498,0.955348,-0.174150,-15.418358,1.492759,1.335619,-0.157140,-10.526796,1.684137,1.624779,-0.059358,-3.524549,2.295931,1.909896,-0.386035,-16.813868,0.000000,0.000000,0.000000,0.000000,0.000000,0.000000,0.000000,0.000000,0.000000,0.000000,0.000000,0.000000,1994,wind_speed,10m Wind Speed,m/s,derived_wind_speed
365,0.946383,0.800169,-0.146214,0.401240,0.502822,0.602891,0.000000,0.363478,0.844871,365,365,-0.146214,0.595147,0.436239,0.732993,0.123288,0.007741,0.782896,0.720381,-0.062515,-7.985084,1.274176,1.050110,-0.224066,-17.585173,1.734122,1.360280,-0.373842,-21.557989,2.123594,1.681074,-0.442520,-20.838240,2.639797,2.045086,-0.594710,-22.528643,0.782896,0.720381,-0.062515,-7.985084,1.274176,1.050110,-0.224066,-17.585173,1.734122,1.360280,-0.373842,-21.557989,2.123594,1.681074,-0.442520,-20.838240,2.639797,2.045086,-0.594710,-22.528643,0.000000,0.000000,0.000000,0.000000,0.000000,0.000000,0.000000,0.000000,0.000000,0.000000,0.000000,0.000000,1995,wind_speed,10m Wind Speed,m/s,derived_wind_speed
366,0.970845,0.794382,-0.176463,0.422270,0.515523,0.545142,0.000000,0.297180,0.933321,366,366,-0.176463,0.552353,0.443232,0.802444,0.169399,0.000053,0.849013,0.726564,-0.122449,-14.422490,1.373381,1.054596,-0.318785,-23.211708,1.706170,1.409798,-0.296372,-17.370588,2.007256,1.666074,-0.341182,-16.997440,2.573026,2.003624,-0.569402,-22.129663,0.849013,0.726564,-0.122449,-14.422490,1.373381,1.054596,-0.318785,-23.211708,1.706170,1.409798,-0.296372,-17.370588,2.007256,1.666074,-0.341182,-16.997440,2.573026,2.003624,-0.569402,-22.129663,0.000000,0.000000,0.000000,0.000000,0.000000,0.000000,0.000000,0.000000,0.000000,0.000000,0.000000,0.000000,1996,wind_speed,10m Wind Speed,m/s,derived_wind_speed
365,1.021845,0.784868,-0.236976,0.379943,0.485127,0.691536,0.000000,0.478221,0.857132,365,365,-0.236976,0.565989,0.501139,0.885422,0.202740,0.000001,0.935263,0.681231,-0.254032,-27.161600,1.345473,1.083502,-0.261971,-19.470537,1.870205,1.485506,-0.384699,-20.569887,2.079501,1.758359,-0.321142,-15.443219,2.675092,2.183019,-0.492073,-18.394621,0.935263,0.681231,-0.254032,-27.161600,1.345473,1.083502,-0.261971,-19.470537,1.870205,1.485506,-0.384699,-20.569887,2.079501,1.758359,-0.321142,-15.443219,2.675092,2.183019,-0.492073,-18.394621,0.000000,0.000000,0.000000,0.000000,0.000000,0.000000,0.000000,0.000000,0.000000,0.000000,0.000000,0.000000,1997,wind_speed,10m Wind Speed,m/s,derived_wind_speed
365,0.891394,0.775220,-0.116175,0.365793,0.465503,0.489623,0.000000,0.239731,1.025414,365,365,-0.116174,0.453966,0.437949,0.964717,0.147945,0.000666,0.867475,0.692888,-0.174587,-20.125843,1.177266,1.032022,-0.145244,-12.337360,1.500301,1.419336,-0.080966,-5.396616,1.642389,1.552051,-0.090338,-5.500422,2.048115,1.974784,-0.073331,-3.580415,0.867475,0.692888,-0.174587,-20.125843,1.177266,1.032022,-0.145244,-12.337360,1.500301,1.419336,-0.080966,-5.396616,1.642389,1.552051,-0.090338,-5.500422,2.048115,1.974784,-0.073331,-3.580415,0.000000,0.000000,0.000000,0.000000,0.000000,0.000000,0.000000,0.000000,0.000000,0.000000,0.000000,0.000000,1998,wind_speed,10m Wind Speed,m/s,derived_wind_speed
365,0.917275,0.800161,-0.117114,0.413719,0.508646,0.522478,0.000000,0.272983,0.917049,365,365,-0.117114,0.554655,0.435891,0.785878,0.120548,0.009887,0.802617,0.746675,-0.055942,-6.969966,1.257345,1.079345,-0.178000,-14.156788,1.704870,1.357038,-0.347832,-20.402248,1.973399,1.651496,-0.321903,-16.312115,2.325765,1.983546,-0.342220,-14.714279,0.802617,0.746675,-0.055942,-6.969966,1.257345,1.079345,-0.178000,-14.156788,1.704870,1.357038,-0.347832,-20.402248,1.973399,1.651496,-0.321903,-16.312115,2.325765,1.983546,-0.342220,-14.714279,0.000000,0.000000,0.000000,0.000000,0.000000,0.000000,0.000000,0.000000,0.000000,0.000000,0.000000,0.000000,1999,wind_speed,10m Wind Speed,m/s,derived_wind_speed
366,0.954401,0.737201,-0.217200,0.399985,0.492047,0.573952,0.000000,0.329421,0.956866,366,366,-0.217200,0.514228,0.427857,0.832038,0.204918,0.000000,0.893663,0.655703,-0.237960,-26.627512,1.239723,1.013177,-0.226546,-18.273920,1.750286,1.371827,-0.378459,-21.622679,1.973101,1.566164,-0.406938,-20.624260,2.240104,1.838854,-0.401250,-17.912096,0.893663,0.655703,-0.237960,-26.627512,1.239723,1.013177,-0.226546,-18.273920,1.750286,1.371827,-0.378459,-21.622679,1.973101,1.566164,-0.406938,-20.624260,2.240104,1.838854,-0.401250,-17.912096,0.000000,0.000000,0.000000,0.000000,0.000000,0.000000,0.000000,0.000000,0.000000,0.000000,0.000000,0.000000,2000,wind_speed,10m Wind Speed,m/s,derived_wind_speed
365,0.914051,0.727303,-0.186747,0.395343,0.484640,0.532872,0.000000,0.283953,0.980799,365,365,-0.186748,0.494127,0.421957,0.853943,0.197260,0.000001,0.847935,0.659773,-0.188162,-22.190584,1.179497,0.990447,-0.189050,-16.027992,1.601103,1.359717,-0.241386,-15.076208,1.777471,1.523869,-0.253602,-14.267582,2.347619,1.826680,-0.520939,-22.190084,0.847935,0.659773,-0.188162,-22.190584,1.179497,0.990447,-0.189050,-16.027992,1.601103,1.359717,-0.241386,-15.076208,1.777471,1.523869,-0.253602,-14.267582,2.347619,1.826680,-0.520939,-22.190084,0.000000,0.000000,0.000000,0.000000,0.000000,0.000000,0.000000,0.000000,0.000000,0.000000,0.000000,0.000000,2001,wind_speed,10m Wind Speed,m/s,derived_wind_speed
365,0.978869,0.840535,-0.138334,0.429617,0.533219,0.494238,0.000000,0.244272,0.950690,365,365,-0.138334,0.560876,0.442881,0.789622,0.106849,0.030924,0.894516,0.801814,-0.092702,-10.363363,1.282087,1.149815,-0.132272,-10.316944,1.794445,1.436599,-0.357847,-19.941914,2.082448,1.611713,-0.470736,-22.604923,2.502935,1.925261,-0.577674,-23.079861,0.894516,0.801814,-0.092702,-10.363363,1.282087,1.149815,-0.132272,-10.316944,1.794445,1.436599,-0.357847,-19.941914,2.082448,1.611713,-0.470736,-22.604923,2.502935,1.925261,-0.577674,-23.079861,0.000000,0.000000,0.000000,0.000000,0.000000,0.000000,0.000000,0.000000,0.000000,0.000000,0.000000,0.000000,2002,wind_speed,10m Wind Speed,m/s,derived_wind_speed
365,0.957429,0.777950,-0.179479,0.394739,0.485662,0.601353,0.000000,0.361625,0.888274,365,365,-0.179479,0.546748,0.442030,0.808470,0.153425,0.000363,0.857382,0.719891,-0.137491,-16.036118,1.239699,1.035755,-0.203944,-16.451097,1.638268,1.379626,-0.258642,-15.787503,1.992561,1.645213,-0.347348,-17.432224,2.713567,1.961518,-0.752049,-27.714399,0.857382,0.719891,-0.137491,-16.036118,1.239699,1.035755,-0.203944,-16.451097,1.638268,1.379626,-0.258642,-15.787503,1.992561,1.645213,-0.347348,-17.432224,2.713567,1.961518,-0.752049,-27.714399,0.000000,0.000000,0.000000,0.000000,0.000000,0.000000,0.000000,0.000000,0.000000,0.000000,0.000000,0.000000,2003,wind_speed,10m Wind Speed,m/s,derived_wind_speed
338,0.962947,0.811457,-0.151490,0.396474,0.489707,0.555643,0.000000,0.308739,0.917523,338,338,-0.151490,0.533727,0.437798,0.820265,0.127219,0.008363,0.864428,0.755446,-0.108981,-12.607329,1.279945,1.063586,-0.216359,-16.903788,1.706163,1.424526,-0.281637,-16.507038,2.021786,1.595050,-0.426736,-21.106886,2.497123,2.029506,-0.467617,-18.726213,0.864428,0.755446,-0.108981,-12.607329,1.279945,1.063586,-0.216359,-16.903788,1.706163,1.424526,-0.281637,-16.507038,2.021786,1.595050,-0.426736,-21.106886,2.497123,2.029506,-0.467617,-18.726213,0.000000,0.000000,0.000000,0.000000,0.000000,0.000000,0.000000,0.000000,0.000000,0.000000,0.000000,0.000000,2004,wind_speed,10m Wind Speed,m/s,derived_wind_speed
333,0.900178,0.790637,-0.109542,0.335683,0.416510,0.663852,0.000000,0.440699,0.799096,333,333,-0.109542,0.521226,0.443650,0.851166,0.105105,0.050449,0.811280,0.707529,-0.103751,-12.788588,1.194030,1.070307,-0.123723,-10.361775,1.557011,1.437637,-0.119373,-7.666835,1.839867,1.609188,-0.230678,-12.537781,2.389543,1.920311,-0.469232,-19.636894,0.811280,0.707529,-0.103751,-12.788588,1.194030,1.070307,-0.123723,-10.361775,1.557011,1.437637,-0.119373,-7.666835,1.839867,1.609188,-0.230678,-12.537781,2.389543,1.920311,-0.469232,-19.636894,0.000000,0.000000,0.000000,0.000000,0.000000,0.000000,0.000000,0.000000,0.000000,0.000000,0.000000,0.000000,2005,wind_speed,10m Wind Speed,m/s,derived_wind_speed
365,0.994456,0.814546,-0.179910,0.403104,0.500174,0.555027,0.000000,0.308054,0.951528,365,365,-0.179910,0.525653,0.454889,0.865379,0.194521,0.000002,0.914063,0.728660,-0.185403,-20.283371,1.369775,1.091418,-0.278357,-20.321348,1.650967,1.437034,-0.213933,-12.958071,1.925501,1.592427,-0.333074,-17.298048,2.515914,2.075975,-0.439939,-17.486250,0.914063,0.728660,-0.185403,-20.283371,1.369775,1.091418,-0.278357,-20.321348,1.650967,1.437034,-0.213933,-12.958071,1.925501,1.592427,-0.333074,-17.298048,2.515914,2.075975,-0.439939,-17.486250,0.000000,0.000000,0.000000,0.000000,0.000000,0.000000,0.000000,0.000000,0.000000,0.000000,0.000000,0.000000,2006,wind_speed,10m Wind Speed,m/s,derived_wind_speed
365,0.901624,0.826741,-0.074884,0.401311,0.487583,0.636915,0.000000,0.405661,0.807166,365,365,-0.074884,0.604068,0.508257,0.841391,0.076712,0.233280,0.758759,0.746460,-0.012299,-1.620975,1.169781,1.107143,-0.062637,-5.354621,1.828147,1.494126,-0.334021,-18.271021,2.100015,1.817773,-0.282242,-13.439981,2.704617,2.454304,-0.250314,-9.255045,0.758759,0.746460,-0.012299,-1.620975,1.169781,1.107143,-0.062637,-5.354621,1.828147,1.494126,-0.334021,-18.271021,2.100015,1.817773,-0.282242,-13.439981,2.704617,2.454304,-0.250314,-9.255045,0.000000,0.000000,0.000000,0.000000,0.000000,0.000000,0.000000,0.000000,0.000000,0.000000,0.000000,0.000000,2007,wind_speed,10m Wind Speed,m/s,derived_wind_speed
365,0.994302,0.843218,-0.151084,0.424378,0.517283,0.519688,0.000000,0.270076,0.988740,365,365,-0.151084,0.523174,0.483942,0.925012,0.161644,0.000140,0.940165,0.751101,-0.189064,-20.109634,1.295734,1.209529,-0.086205,-6.653014,1.733080,1.550539,-0.182541,-10.532739,1.988814,1.707369,-0.281445,-14.151410,2.459078,2.049922,-0.409156,-16.638596,0.940165,0.751101,-0.189064,-20.109634,1.295734,1.209529,-0.086205,-6.653014,1.733080,1.550539,-0.182541,-10.532739,1.988814,1.707369,-0.281445,-14.151410,2.459078,2.049922,-0.409156,-16.638596,0.000000,0.000000,0.000000,0.000000,0.000000,0.000000,0.000000,0.000000,0.000000,0.000000,0.000000,0.000000,2008,wind_speed,10m Wind Speed,m/s,derived_wind_speed
363,0.946632,0.749185,-0.197447,0.419341,0.514931,0.524700,0.000000,0.275310,1.004560,363,363,-0.197447,0.512594,0.458048,0.893589,0.195592,0.000002,0.872453,0.680061,-0.192392,-22.051838,1.228722,1.034221,-0.194501,-15.829551,1.598533,1.360420,-0.238112,-14.895686,1.920453,1.632158,-0.288296,-15.011859,2.579745,2.011394,-0.568351,-22.031286,0.872453,0.680061,-0.192392,-22.051838,1.228722,1.034221,-0.194501,-15.829551,1.598533,1.360420,-0.238112,-14.895686,1.920453,1.632158,-0.288296,-15.011859,2.579745,2.011394,-0.568351,-22.031286,0.000000,0.000000,0.000000,0.000000,0.000000,0.000000,0.000000,0.000000,0.000000,0.000000,0.000000,0.000000,2009,wind_speed,10m Wind Speed,m/s,derived_wind_speed
365,1.083439,0.892116,-0.191324,0.391634,0.495560,0.695937,0.000000,0.484329,0.784819,365,365,-0.191324,0.631433,0.497517,0.787917,0.126027,0.006027,0.950224,0.813555,-0.136669,-14.382789,1.393243,1.218004,-0.175240,-12.577815,1.984007,1.602867,-0.381140,-19.210619,2.340848,1.831500,-0.509348,-21.759127,2.896317,2.209216,-0.687101,-23.723265,0.950224,0.813555,-0.136669,-14.382789,1.393243,1.218004,-0.175240,-12.577815,1.984007,1.602867,-0.381140,-19.210619,2.340848,1.831500,-0.509348,-21.759127,2.896317,2.209216,-0.687101,-23.723265,0.000000,0.000000,0.000000,0.000000,0.000000,0.000000,0.000000,0.000000,0.000000,0.000000,0.000000,0.000000,2010,wind_speed,10m Wind Speed,m/s,derived_wind_speed
365,0.947003,0.780250,-0.166753,0.428772,0.538606,0.482459,0.000000,0.232767,1.044175,365,365,-0.166753,0.515820,0.490010,0.949963,0.175342,0.000026,0.855219,0.723765,-0.131454,-15.370811,1.269891,1.129055,-0.140836,-11.090384,1.687833,1.521856,-0.165977,-9.833740,1.917529,1.684996,-0.232534,-12.126733,2.279416,1.983702,-0.295715,-12.973266,0.855219,0.723765,-0.131454,-15.370811,1.269891,1.129055,-0.140836,-11.090384,1.687833,1.521856,-0.165977,-9.833740,1.917529,1.684996,-0.232534,-12.126733,2.279416,1.983702,-0.295715,-12.973266,0.000000,0.000000,0.000000,0.000000,0.000000,0.000000,0.000000,0.000000,0.000000,0.000000,0.000000,0.000000,2011,wind_speed,10m Wind Speed,m/s,derived_wind_speed
366,0.937311,0.721221,-0.216090,0.423260,0.518808,0.515210,0.000000,0.265442,1.011280,366,366,-0.216090,0.513021,0.435012,0.847941,0.185792,0.000006,0.864925,0.641969,-0.222955,-25.777437,1.261271,0.977732,-0.283539,-22.480433,1.615236,1.298726,-0.316510,-19.595255,1.865964,1.496420,-0.369544,-19.804461,2.455920,1.971355,-0.484565,-19.730501,0.864925,0.641969,-0.222955,-25.777437,1.261271,0.977732,-0.283539,-22.480433,1.615236,1.298726,-0.316510,-19.595255,1.865964,1.496420,-0.369544,-19.804461,2.455920,1.971355,-0.484565,-19.730501,0.000000,0.000000,0.000000,0.000000,0.000000,0.000000,0.000000,0.000000,0.000000,0.000000,0.000000,0.000000,2012,wind_speed,10m Wind Speed,m/s,derived_wind_speed
365,0.922381,0.855525,-0.066856,0.400758,0.498364,0.519397,0.000000,0.269773,0.962502,365,365,-0.066856,0.517779,0.488310,0.943085,0.068493,0.359160,0.831936,0.785397,-0.046539,-5.594039,1.189094,1.182445,-0.006649,-0.559187,1.575856,1.469942,-0.105914,-6.721023,1.925312,1.700010,-0.225303,-11.702143,2.424290,2.290847,-0.133443,-5.504420,0.831936,0.785397,-0.046539,-5.594039,1.189094,1.182445,-0.006649,-0.559187,1.575856,1.469942,-0.105914,-6.721023,1.925312,1.700010,-0.225303,-11.702143,2.424290,2.290847,-0.133443,-5.504420,0.000000,0.000000,0.000000,0.000000,0.000000,0.000000,0.000000,0.000000,0.000000,0.000000,0.000000,0.000000,2013,wind_speed,10m Wind Speed,m/s,derived_wind_speed
365,0.961293,0.751351,-0.209942,0.416917,0.520654,0.533058,0.000000,0.284151,0.972395,365,365,-0.209942,0.535435,0.432992,0.808674,0.169863,0.000051,0.867562,0.660371,-0.207191,-23.881964,1.308040,1.064337,-0.243703,-18.631123,1.692586,1.324713,-0.367874,-21.734425,1.857763,1.521546,-0.336218,-18.097988,2.501439,1.842720,-0.658719,-26.333616,0.867562,0.660371,-0.207191,-23.881964,1.308040,1.064337,-0.243703,-18.631123,1.692586,1.324713,-0.367874,-21.734425,1.857763,1.521546,-0.336218,-18.097988,2.501439,1.842720,-0.658719,-26.333616,0.000000,0.000000,0.000000,0.000000,0.000000,0.000000,0.000000,0.000000,0.000000,0.000000,0.000000,0.000000,2014,wind_speed,10m Wind Speed,m/s,derived_wind_speed
365,0.962425,0.760405,-0.202021,0.442559,0.535899,0.490019,0.000000,0.240118,1.049197,365,365,-0.202021,0.510770,0.469678,0.919549,0.202740,0.000001,0.917875,0.701101,-0.216774,-23.616941,1.264251,1.053876,-0.210375,-16.640314,1.700148,1.400055,-0.300093,-17.650969,1.914768,1.616009,-0.298759,-15.602897,2.294302,2.114502,-0.179800,-7.836798,0.917875,0.701101,-0.216774,-23.616941,1.264251,1.053876,-0.210375,-16.640314,1.700148,1.400055,-0.300093,-17.650969,1.914768,1.616009,-0.298759,-15.602897,2.294302,2.114502,-0.179800,-7.836798,0.000000,0.000000,0.000000,0.000000,0.000000,0.000000,0.000000,0.000000,0.000000,0.000000,0.000000,0.000000,2015,wind_speed,10m Wind Speed,m/s,derived_wind_speed
366,0.939601,0.754159,-0.185442,0.428890,0.519706,0.512477,0.000000,0.262632,0.981592,366,366,-0.185442,0.529453,0.441647,0.834157,0.188525,0.000004,0.870010,0.684784,-0.185226,-21.290106,1.235818,0.979166,-0.256652,-20.767803,1.623981,1.418409,-0.205572,-12.658501,2.001876,1.623250,-0.378626,-18.913572,2.485076,1.956331,-0.528745,-21.276808,0.870010,0.684784,-0.185226,-21.290106,1.235818,0.979166,-0.256652,-20.767803,1.623981,1.418409,-0.205572,-12.658501,2.001876,1.623250,-0.378626,-18.913572,2.485076,1.956331,-0.528745,-21.276808,0.000000,0.000000,0.000000,0.000000,0.000000,0.000000,0.000000,0.000000,0.000000,0.000000,0.000000,0.000000,2016,wind_speed,10m Wind Speed,m/s,derived_wind_speed
365,0.940744,0.750199,-0.190546,0.444566,0.551706,0.515828,0.000000,0.266078,0.946612,365,365,-0.190546,0.582821,0.437648,0.750912,0.128767,0.004666,0.826029,0.675981,-0.150048,-18.165026,1.263453,1.044474,-0.218979,-17.331783,1.752742,1.343924,-0.408818,-23.324488,2.011878,1.585900,-0.425978,-21.173138,2.764782,1.855899,-0.908883,-32.873585,0.826029,0.675981,-0.150048,-18.165026,1.263453,1.044474,-0.218979,-17.331783,1.752742,1.343924,-0.408818,-23.324488,2.011878,1.585900,-0.425978,-21.173138,2.764782,1.855899,-0.908883,-32.873585,0.000000,0.000000,0.000000,0.000000,0.000000,0.000000,0.000000,0.000000,0.000000,0.000000,0.000000,0.000000,2017,wind_speed,10m Wind Speed,m/s,derived_wind_speed
365,0.914427,0.732609,-0.181818,0.368160,0.448099,0.559134,0.000000,0.312631,1.015446,365,365,-0.181818,0.441283,0.430811,0.976269,0.241096,0.000000,0.833951,0.673252,-0.160700,-19.269669,1.112311,1.023664,-0.088647,-7.969582,1.579049,1.359860,-0.219190,-13.881109,1.719721,1.521637,-0.198083,-11.518347,2.198165,1.751535,-0.446630,-20.318321,0.833951,0.673252,-0.160700,-19.269669,1.112311,1.023664,-0.088647,-7.969582,1.579049,1.359860,-0.219190,-13.881109,1.719721,1.521637,-0.198083,-11.518347,2.198165,1.751535,-0.446630,-20.318321,0.000000,0.000000,0.000000,0.000000,0.000000,0.000000,0.000000,0.000000,0.000000,0.000000,0.000000,0.000000,2018,wind_speed,10m Wind Speed,m/s,derived_wind_speed
365,0.896777,0.751630,-0.145147,0.390549,0.479528,0.471377,0.000000,0.222196,1.066718,365,365,-0.145147,0.449536,0.439275,0.977174,0.197260,0.000001,0.849935,0.645100,-0.204835,-24.100063,1.174554,1.095468,-0.079086,-6.733303,1.508452,1.376966,-0.131486,-8.716592,1.742239,1.593441,-0.148798,-8.540637,2.137344,1.796501,-0.340843,-15.947017,0.849935,0.645100,-0.204835,-24.100063,1.174554,1.095468,-0.079086,-6.733303,1.508452,1.376966,-0.131486,-8.716592,1.742239,1.593441,-0.148798,-8.540637,2.137344,1.796501,-0.340843,-15.947017,0.000000,0.000000,0.000000,0.000000,0.000000,0.000000,0.000000,0.000000,0.000000,0.000000,0.000000,0.000000,2019,wind_speed,10m Wind Speed,m/s,derived_wind_speed
366,0.983856,0.768659,-0.215197,0.421703,0.520310,0.555277,0.000000,0.308333,1.000835,366,366,-0.215197,0.519876,0.482260,0.927645,0.210383,0.000000,0.913703,0.695294,-0.218410,-23.903780,1.245005,1.045786,-0.199219,-16.001484,1.707485,1.447725,-0.259760,-15.213045,2.001504,1.664289,-0.337215,-16.848083,2.535341,2.069744,-0.465597,-18.364264,0.913703,0.695294,-0.218410,-23.903780,1.245005,1.045786,-0.199219,-16.001484,1.707485,1.447725,-0.259760,-15.213045,2.001504,1.664289,-0.337215,-16.848083,2.535341,2.069744,-0.465597,-18.364264,0.000000,0.000000,0.000000,0.000000,0.000000,0.000000,0.000000,0.000000,0.000000,0.000000,0.000000,0.000000,2020,wind_speed,10m Wind Speed,m/s,derived_wind_speed
