n,era5_mean,conus404_mean,bias,mae,rmse,pearson_r,pearson_pvalue,r_squared,nrmse,n_era5,n_conus404,mean_difference,era5_std,conus404_std,std_ratio,ks_statistic,ks_pvalue,p50_era5,p50_conus404,p50_difference,p50_percent_bias,p75_era5,p75_conus404,p75_difference,p75_percent_bias,p90_era5,p90_conus404,p90_difference,p90_percent_bias,p95_era5,p95_conus404,p95_difference,p95_percent_bias,p99_era5,p99_conus404,p99_difference,p99_percent_bias,era5_wet_day_frequency,conus404_wet_day_frequency,wet_day_frequency_difference,era5_mean_wet_day_intensity,conus404_mean_wet_day_intensity,wet_day_intensity_difference,wet_day_intensity_percent_bias,era5_total_precip,conus404_total_precip,total_precip_difference,total_precip_percent_bias,era5_sdii,conus404_sdii,sdii_difference,era5_r10mm,conus404_r10mm,r10mm_difference,era5_r20mm,conus404_r20mm,r20mm_difference,era5_rx1day,conus404_rx1day,rx1day_difference,era5_rx5day,conus404_rx5day,rx5day_difference,era5_r95p_threshold,era5_r95p,conus404_r95p,r95p_difference,r95p_percent_bias,era5_r99p_threshold,era5_r99p,conus404_r99p,r99p_difference,r99p_percent_bias,year,variable,variable_name,units,metric_type,n_days
366,2.307183,2.116265,-0.190917,0.380526,0.469220,0.896446,0.000000,0.803616,0.501419,366,366,-0.190917,0.935783,0.730501,0.780631,0.131148,0.003656,2.210753,2.037659,-0.173094,-7.829631,2.813379,2.623667,-0.189712,-6.743210,3.603647,3.105441,-0.498206,-13.825041,3.986467,3.327939,-0.658528,-16.519089,4.676553,3.669219,-1.007334,-21.540096,93.442623,96.448087,3.005464,2.415777,2.163236,-0.252541,-10.453815,844.428894,774.553101,-69.875793,-8.274917,2.415777,2.163236,-0.252541,0,0,0,0,0,0,5.978471,5.759610,-0.218861,23.600578,20.389999,-3.210579,4.016895,81.112427,15.193808,-65.918617,-81.268211,4.697353,21.575672,10.926491,-10.649181,-49.357353,1980,tp,Precipitation,mm/day,precipitation,366
365,2.279383,2.089673,-0.189710,0.382099,0.474698,0.872992,0.000000,0.762115,0.547150,365,365,-0.189710,0.867583,0.655943,0.756058,0.142466,0.001194,2.251642,2.065982,-0.185660,-8.245532,2.829225,2.492046,-0.337179,-11.917707,3.416403,2.913951,-0.502452,-14.707038,3.808013,3.151083,-0.656931,-17.251276,4.492469,3.722317,-0.770153,-17.143196,91.780822,94.794521,3.013699,2.412511,2.160532,-0.251979,-10.444693,831.974670,762.730469,-69.244202,-8.322873,2.412511,2.160532,-0.251979,0,0,0,0,0,0,5.108357,4.143392,-0.964965,19.072618,15.438744,-3.633874,3.834177,72.187500,8.026892,-64.160606,-88.880493,4.581311,19.235838,0.000000,-19.235838,-100.000000,1981,tp,Precipitation,mm/day,precipitation,365
365,2.563364,2.237007,-0.326357,0.418568,0.515425,0.911419,0.000000,0.830685,0.556062,365,365,-0.326358,0.926920,0.727845,0.785230,0.202740,0.000001,2.513154,2.163411,-0.349743,-13.916486,3.085945,2.628263,-0.457682,-14.831173,3.773580,3.203123,-0.570457,-15.117136,4.149022,3.553045,-0.595978,-14.364289,5.060172,4.169037,-0.891135,-17.610762,96.986301,96.438356,-0.547945,2.617686,2.287704,-0.329981,-12.605841,935.627930,816.507446,-119.120483,-12.731608,2.617686,2.287704,-0.329981,0,0,0,0,0,0,6.225692,5.341842,-0.883851,20.847759,17.962402,-2.885357,4.154032,86.669189,19.000736,-67.668457,-78.076714,5.095790,23.673153,5.341842,-18.331310,-77.435013,1982,tp,Precipitation,mm/day,precipitation,365
365,2.786074,2.548699,-0.237374,0.387196,0.493394,0.900185,0.000000,0.810334,0.509390,365,365,-0.237374,0.968598,0.776265,0.801431,0.134247,0.002751,2.609471,2.451391,-0.158080,-6.057945,3.372569,3.056540,-0.316029,-9.370575,4.099508,3.559052,-0.540456,-13.183435,4.568395,4.064031,-0.504364,-11.040289,5.294487,4.634135,-0.660352,-12.472450,98.630137,99.178082,0.547945,2.814693,2.562414,-0.252279,-8.962915,1016.916931,930.275269,-86.641663,-8.520033,2.814693,2.562414,-0.252279,0,0,0,0,0,0,6.628378,5.314579,-1.313799,23.519834,19.961395,-3.558439,4.571952,91.272896,24.366299,-66.906601,-73.303909,5.301489,23.535351,5.314579,-18.220772,-77.418739,1983,tp,Precipitation,mm/day,precipitation,365
366,2.445790,2.181904,-0.263886,0.384660,0.483619,0.895609,0.000000,0.802115,0.551207,366,366,-0.263886,0.877382,0.676615,0.771175,0.218579,0.000000,2.414312,2.211361,-0.202951,-8.406150,2.984187,2.523894,-0.460292,-15.424382,3.561924,2.951457,-0.610467,-17.138687,4.009551,3.394024,-0.615527,-15.351518,4.700702,4.104096,-0.596606,-12.691845,95.628415,95.901639,0.273224,2.521848,2.239559,-0.282290,-11.193755,895.159119,798.576782,-96.582336,-10.789404,2.521848,2.239559,-0.282290,0,0,0,0,0,0,5.647811,4.580779,-1.067033,19.869151,17.570159,-2.298992,4.031345,79.886284,21.462143,-58.424141,-73.134132,4.738139,20.473368,0.000000,-20.473368,-100.000000,1984,tp,Precipitation,mm/day,precipitation,366
365,2.384433,2.040514,-0.343919,0.413313,0.510289,0.922935,0.000000,0.851809,0.553221,365,365,-0.343919,0.922397,0.724697,0.785668,0.232877,0.000000,2.410716,2.029097,-0.381619,-15.830108,3.012018,2.504265,-0.507753,-16.857571,3.540327,2.987222,-0.553105,-15.622990,4.022204,3.340012,-0.682193,-16.960670,4.397119,3.836973,-0.560146,-12.738939,93.972603,92.876712,-1.095890,2.488735,2.135315,-0.353420,-14.200791,870.318115,744.787720,-125.530396,-14.423507,2.488735,2.135315,-0.353420,0,0,0,0,0,0,4.949190,4.693241,-0.255949,20.061747,16.497880,-3.563866,4.035828,77.168053,8.887947,-68.280106,-88.482353,4.412534,18.644842,4.693241,-13.951601,-74.828209,1985,tp,Precipitation,mm/day,precipitation,365
365,2.485241,2.112561,-0.372681,0.455405,0.554346,0.883504,0.000000,0.780580,0.661952,365,365,-0.372681,0.837441,0.619354,0.739579,0.284932,0.000000,2.477673,2.040526,-0.437147,-17.643463,3.051197,2.435342,-0.615855,-20.184031,3.624775,2.987798,-0.636977,-17.572868,3.946998,3.296929,-0.650068,-16.469944,4.445345,3.756824,-0.688521,-15.488581,97.808219,98.630137,0.821918,2.522553,2.129977,-0.392576,-15.562656,907.113098,771.084656,-136.028442,-14.995752,2.522553,2.129977,-0.392576,0,0,0,0,0,0,4.897513,3.936447,-0.961066,19.806676,16.622973,-3.183703,3.961262,77.398865,0.000000,-77.398865,-100.000000,4.446936,18.843479,0.000000,-18.843479,-100.000000,1986,tp,Precipitation,mm/day,precipitation,365
365,2.329738,2.031393,-0.298345,0.410299,0.513708,0.871526,0.000000,0.759557,0.618383,365,365,-0.298346,0.830727,0.629371,0.757614,0.216438,0.000000,2.276872,1.993788,-0.283084,-12.433025,2.803797,2.377842,-0.425954,-15.192047,3.277841,2.844301,-0.433540,-13.226394,3.872334,3.168431,-0.703903,-18.177752,4.690068,3.703612,-0.986455,-21.032862,96.164384,97.534247,1.369863,2.389257,2.060248,-0.329009,-13.770329,850.354492,741.458374,-108.896118,-12.805966,2.389257,2.060248,-0.329009,0,0,0,0,0,0,4.952879,4.220777,-0.732103,20.111753,16.147798,-3.963956,3.911707,78.971466,4.220777,-74.750687,-94.655312,4.692523,19.301611,0.000000,-19.301611,-100.000000,1987,tp,Precipitation,mm/day,precipitation,365
366,2.223869,1.948081,-0.275787,0.384134,0.480536,0.909888,0.000000,0.827897,0.530012,366,366,-0.275787,0.906652,0.709262,0.782287,0.180328,0.000013,2.143635,1.879814,-0.263821,-12.307195,2.882927,2.414232,-0.468696,-16.257629,3.319438,2.821505,-0.497933,-15.000525,3.619382,3.108140,-0.511242,-14.125129,4.514399,3.852587,-0.661813,-14.660036,91.530055,91.803279,0.273224,2.362274,2.051820,-0.310455,-13.142192,813.936035,712.997803,-100.938232,-12.401249,2.362274,2.051820,-0.310455,0,0,0,0,0,0,5.922762,4.945949,-0.976813,20.704981,18.250044,-2.454937,3.665496,72.792892,28.627136,-44.165756,-60.673172,4.554889,21.017376,4.945949,-16.071426,-76.467331,1988,tp,Precipitation,mm/day,precipitation,366
365,2.244988,1.989552,-0.255436,0.352795,0.441683,0.899306,0.000000,0.808752,0.547827,365,365,-0.255436,0.806245,0.650772,0.807164,0.178082,0.000018,2.200741,1.987421,-0.213320,-9.693101,2.808677,2.424826,-0.383851,-13.666614,3.341145,2.788546,-0.552599,-16.539207,3.568954,3.017265,-0.551690,-15.458025,4.021718,3.813692,-0.208026,-5.172570,95.342466,94.520548,-0.821918,2.316639,2.057516,-0.259123,-11.185313,819.420593,726.186462,-93.234131,-11.378056,2.316639,2.057516,-0.259123,0,0,0,0,0,0,4.982683,4.064284,-0.918399,17.852423,15.212986,-2.639437,3.609303,71.562393,23.445663,-48.116730,-67.237450,4.025498,18.033283,8.109247,-9.924036,-55.031776,1989,tp,Precipitation,mm/day,precipitation,365
365,2.309409,2.125496,-0.183913,0.370963,0.476051,0.897977,0.000000,0.806363,0.498138,365,365,-0.183913,0.955661,0.731854,0.765810,0.136986,0.002095,2.284761,2.098623,-0.186138,-8.146922,2.914752,2.558933,-0.355819,-12.207520,3.467845,3.069487,-0.398358,-11.487194,3.966861,3.402039,-0.564822,-14.238517,4.934129,4.147935,-0.786194,-15.933801,91.780822,95.068493,3.287671,2.449843,2.194914,-0.254930,-10.405962,842.934387,775.806030,-67.128357,-7.963652,2.449843,2.194914,-0.254930,0,0,0,0,0,0,5.548290,5.236073,-0.312216,18.768602,16.173839,-2.594764,4.027267,78.071106,22.591234,-55.479874,-71.063263,4.938065,21.132824,5.236073,-15.896750,-75.223030,1990,tp,Precipitation,mm/day,precipitation,365
365,2.421391,2.149520,-0.271871,0.410511,0.515979,0.889456,0.000000,0.791131,0.553692,365,365,-0.271871,0.931889,0.724301,0.777239,0.183562,0.000009,2.387808,2.132061,-0.255747,-10.710519,2.936594,2.575564,-0.361030,-12.294168,3.529202,2.931380,-0.597822,-16.939308,3.888350,3.204130,-0.684221,-17.596680,5.263540,4.397975,-0.865565,-16.444538,94.520548,94.246575,-0.273973,2.515854,2.228761,-0.287093,-11.411367,883.807739,784.574646,-99.233093,-11.227905,2.515854,2.228761,-0.287093,0,0,0,0,0,0,6.951929,5.642053,-1.309875,27.872413,21.851382,-6.021031,3.979089,85.959946,40.485027,-45.474918,-52.902451,5.319619,24.324236,5.642053,-18.682182,-76.804810,1991,tp,Precipitation,mm/day,precipitation,365
366,2.433328,2.183178,-0.250150,0.407296,0.506657,0.899151,0.000000,0.808472,0.527963,366,366,-0.250150,0.959644,0.729654,0.760338,0.188525,0.000004,2.470054,2.222489,-0.247565,-10.022646,3.018270,2.605454,-0.412816,-13.677224,3.676156,3.102556,-0.573599,-15.603237,4.129065,3.447250,-0.681814,-16.512564,4.679761,4.015217,-0.664544,-14.200383,94.262295,94.535519,0.273224,2.532246,2.263163,-0.269083,-10.626267,890.598022,799.043091,-91.554932,-10.280164,2.532246,2.263163,-0.269083,0,0,0,0,0,0,5.665248,4.705241,-0.960008,21.636356,17.826898,-3.809458,4.152427,82.652359,4.705241,-77.947121,-94.307190,4.709617,20.713549,0.000000,-20.713549,-100.000008,1992,tp,Precipitation,mm/day,precipitation,366
365,2.525884,2.229124,-0.296760,0.406262,0.504203,0.915468,0.000000,0.838082,0.526882,365,365,-0.296760,0.956956,0.742365,0.775757,0.205479,0.000000,2.458671,2.169875,-0.288796,-11.746018,2.948326,2.633614,-0.314713,-10.674278,3.600488,3.134725,-0.465764,-12.936121,4.172943,3.534749,-0.638194,-15.293626,5.594931,4.604583,-0.990348,-17.700808,95.342466,96.712329,1.369863,2.609400,2.277264,-0.332136,-12.728450,921.947815,813.630310,-108.317505,-11.748767,2.609400,2.277264,-0.332136,0,0,0,0,0,0,7.064604,5.808888,-1.255715,21.884042,19.001481,-2.882561,4.229371,92.133926,28.737194,-63.396732,-68.809326,5.639363,24.435541,5.808888,-18.626652,-76.227699,1993,tp,Precipitation,mm/day,precipitation,365
365,2.418396,2.176559,-0.241836,0.372583,0.472872,0.902471,0.000000,0.814453,0.516450,365,365,-0.241836,0.915621,0.728506,0.795642,0.194521,0.000002,2.395408,2.115237,-0.280171,-11.696169,2.943932,2.539071,-0.404862,-13.752411,3.453737,3.038736,-0.415000,-12.015984,4.086980,3.591230,-0.495750,-12.129989,4.914999,4.192925,-0.722074,-14.691234,95.068493,96.164384,1.095890,2.504215,2.234314,-0.269902,-10.777897,882.714478,794.444214,-88.270264,-9.999866,2.504215,2.234314,-0.269902,0,0,0,0,0,0,5.439793,5.371027,-0.068767,17.847446,16.744859,-1.102586,4.160062,84.909401,18.933123,-65.976280,-77.701973,4.916980,21.081631,5.371027,-15.710604,-74.522720,1994,tp,Precipitation,mm/day,precipitation,365
365,2.511765,2.257985,-0.253779,0.422312,0.532054,0.889308,0.000000,0.790868,0.526944,365,365,-0.253779,1.009698,0.823972,0.816058,0.175342,0.000026,2.417620,2.178213,-0.239406,-9.902565,2.995712,2.665958,-0.329754,-11.007538,3.739912,3.221411,-0.518501,-13.863996,4.368993,3.492446,-0.876547,-20.062902,5.661616,4.943084,-0.718533,-12.691298,95.890411,96.164384,0.273973,2.583781,2.316206,-0.267575,-10.355956,916.794067,824.164673,-92.629395,-10.103621,2.583781,2.316206,-0.267575,0,0,0,0,0,0,6.369955,6.274105,-0.095850,23.629546,20.204834,-3.424712,4.387362,93.639771,59.280132,-34.359638,-36.693424,5.682610,24.020302,6.274105,-17.746197,-73.879990,1995,tp,Precipitation,mm/day,precipitation,365
366,2.465906,2.153292,-0.312613,0.400192,0.505833,0.922151,0.000000,0.850362,0.529335,366,366,-0.312613,0.955601,0.734597,0.768728,0.199454,0.000001,2.400954,2.113885,-0.287069,-11.956440,2.941668,2.554452,-0.387216,-13.163132,3.698866,3.055616,-0.643250,-17.390453,4.200133,3.620008,-0.580125,-13.812063,5.235193,4.211963,-1.023230,-19.545219,95.081967,96.174863,1.092896,2.549545,2.204225,-0.345320,-13.544368,902.521484,788.105042,-114.416443,-12.677421,2.549545,2.204225,-0.345320,0,0,0,0,0,0,5.728363,4.940562,-0.787801,22.279494,17.833225,-4.446268,4.292348,88.768631,9.290389,-79.478241,-89.534157,5.273428,22.405388,0.000000,-22.405388,-100.000000,1996,tp,Precipitation,mm/day,precipitation,366
365,2.437718,2.239994,-0.197724,0.375853,0.474579,0.898185,0.000000,0.806737,0.496527,365,365,-0.197725,0.955795,0.760626,0.795804,0.175342,0.000026,2.408831,2.193042,-0.215790,-8.958278,3.016688,2.616967,-0.399720,-13.250301,3.684841,3.333060,-0.351781,-9.546718,4.063468,3.691444,-0.372024,-9.155334,5.132895,4.338732,-0.794164,-15.472040,94.520548,97.534247,3.013699,2.533047,2.278287,-0.254760,-10.057452,889.767212,817.597778,-72.169434,-8.111047,2.533047,2.278287,-0.254760,0,0,0,0,0,0,5.475537,4.800556,-0.674981,20.876561,19.377153,-1.499408,4.110735,85.010002,30.985409,-54.024593,-63.550869,5.150859,21.241226,0.000000,-21.241226,-100.000000,1997,tp,Precipitation,mm/day,precipitation,365
365,2.480766,2.267720,-0.213046,0.390574,0.489596,0.897726,0.000000,0.805912,0.491940,365,365,-0.213046,0.995234,0.847915,0.851975,0.115068,0.015863,2.315272,2.171570,-0.143702,-6.206693,2.985461,2.727407,-0.258054,-8.643682,3.645376,3.319400,-0.325976,-8.942181,4.313118,3.768912,-0.544207,-12.617475,5.955345,4.823137,-1.132208,-19.011625,96.164384,97.808219,1.643836,2.546426,2.300225,-0.246202,-9.668512,905.479492,827.717773,-77.761719,-8.587905,2.546426,2.300225,-0.246202,0,0,0,0,0,0,6.957204,6.824276,-0.132928,23.030597,22.009552,-1.021045,4.321054,94.121529,53.367775,-40.753754,-43.299080,5.971407,25.781742,6.824276,-18.957466,-73.530586,1998,tp,Precipitation,mm/day,precipitation,365
365,2.198040,2.055834,-0.142206,0.332833,0.426221,0.900253,0.000000,0.810456,0.478081,365,365,-0.142206,0.891524,0.698726,0.783743,0.120548,0.009887,2.212385,2.021472,-0.190913,-8.629294,2.782061,2.574681,-0.207380,-7.454189,3.239198,2.963475,-0.275723,-8.512083,3.653706,3.167743,-0.485963,-13.300551,4.458844,3.670586,-0.788258,-17.678526,90.410959,93.424658,3.013699,2.355864,2.146369,-0.209495,-8.892495,802.284546,750.379272,-51.905273,-6.469684,2.355864,2.146369,-0.209495,0,0,0,0,0,0,5.495111,4.276412,-1.218699,17.878736,15.575047,-2.303689,3.672667,71.166161,16.010851,-55.155312,-77.502159,4.483948,19.987614,0.000000,-19.987614,-100.000000,1999,tp,Precipitation,mm/day,precipitation,365
366,2.134699,1.971398,-0.163301,0.303904,0.386448,0.894283,0.000000,0.799742,0.500919,366,366,-0.163301,0.771479,0.630884,0.817759,0.122951,0.007859,2.093377,1.933473,-0.159904,-7.638588,2.617275,2.393114,-0.224161,-8.564676,3.109726,2.793972,-0.315753,-10.153739,3.409408,3.110400,-0.299007,-8.770069,4.411555,3.673188,-0.738367,-16.737110,93.989071,94.535519,0.546448,2.222243,2.035417,-0.186826,-8.407112,781.299988,721.531738,-59.768250,-7.649847,2.222243,2.035417,-0.186826,0,0,0,0,0,0,4.739456,3.818719,-0.920737,17.291570,15.106308,-2.185262,3.465821,71.021446,18.768269,-52.253178,-73.573799,4.452809,18.522095,0.000000,-18.522095,-100.000000,2000,tp,Precipitation,mm/day,precipitation,366
365,2.175794,2.020618,-0.155176,0.357916,0.456233,0.880446,0.000000,0.775185,0.513410,365,365,-0.155176,0.888633,0.701528,0.789446,0.106849,0.030924,2.091568,1.950955,-0.140612,-6.722822,2.739674,2.476392,-0.263282,-9.609969,3.422866,2.948888,-0.473978,-13.847398,3.572369,3.378222,-0.194147,-5.434682,4.579012,3.718677,-0.860335,-18.788660,92.602740,95.616438,3.013699,2.290567,2.075369,-0.215198,-9.394957,794.164795,737.525452,-56.639343,-7.131938,2.290567,2.075369,-0.215198,0,0,0,0,0,0,5.132514,4.037503,-1.095010,19.024043,16.887809,-2.136234,3.593385,72.156982,23.049301,-49.107681,-68.056725,4.637419,19.532341,0.000000,-19.532341,-100.000000,2001,tp,Precipitation,mm/day,precipitation,365
365,2.257050,2.074690,-0.182360,0.343211,0.442310,0.893620,0.000000,0.798557,0.493485,365,365,-0.182360,0.896297,0.777417,0.867365,0.123288,0.007741,2.193327,2.049574,-0.143753,-6.554089,2.789227,2.523154,-0.266073,-9.539326,3.429345,3.165349,-0.263997,-7.698164,3.901822,3.416930,-0.484891,-12.427308,4.690875,4.205556,-0.485318,-10.346006,92.328767,92.602740,0.273973,2.379472,2.178504,-0.200969,-8.445947,823.823242,757.261902,-66.561340,-8.079565,2.379472,2.178504,-0.200969,0,0,0,0,0,0,4.895026,4.543062,-0.351964,20.299375,18.466258,-1.833117,3.925263,75.534454,25.865698,-49.668755,-65.756424,4.711594,19.169426,0.000000,-19.169426,-100.000000,2002,tp,Precipitation,mm/day,precipitation,365
365,2.356857,2.153028,-0.203829,0.368752,0.458265,0.912473,0.000000,0.832607,0.471311,365,365,-0.203829,0.972320,0.786192,0.808574,0.123288,0.007741,2.307874,2.134653,-0.173221,-7.505658,2.962412,2.633639,-0.328773,-11.098162,3.581956,3.209613,-0.372343,-10.394953,3.998845,3.575999,-0.422846,-10.574194,5.091586,4.155700,-0.935886,-18.381029,91.506849,92.876712,1.369863,2.504628,2.258154,-0.246474,-9.840744,860.252686,785.855164,-74.397522,-8.648334,2.504628,2.258154,-0.246474,0,0,0,0,0,0,5.607667,4.747621,-0.860046,19.804739,17.459172,-2.345567,4.043367,79.322044,21.801340,-57.520706,-72.515411,5.289007,22.256529,0.000000,-22.256529,-100.000000,2003,tp,Precipitation,mm/day,precipitation,365
366,2.339741,2.159855,-0.179886,0.342275,0.433040,0.908376,0.000000,0.825147,0.473885,366,366,-0.179886,0.913809,0.734404,0.803673,0.117486,0.012734,2.320857,2.119539,-0.201317,-8.674257,2.927701,2.659206,-0.268495,-9.170835,3.492163,3.078314,-0.413849,-11.850796,3.909805,3.393010,-0.516796,-13.217938,4.708752,4.135538,-0.573214,-12.173366,92.076503,95.355191,3.278689,2.473782,2.226119,-0.247663,-10.011532,856.345215,790.506958,-65.838257,-7.688284,2.473782,2.226119,-0.247663,0,0,0,0,0,0,5.773072,4.476238,-1.296834,21.211922,20.086111,-1.125811,3.988039,75.953239,25.679153,-50.274086,-66.190842,4.727738,20.717104,0.000000,-20.717104,-100.000000,2004,tp,Precipitation,mm/day,precipitation,366
365,2.304028,2.219119,-0.084909,0.338073,0.420702,0.884730,0.000000,0.782747,0.477386,365,365,-0.084909,0.881263,0.747171,0.847841,0.095890,0.069697,2.160297,2.149607,-0.010690,-0.494860,2.865310,2.678554,-0.186756,-6.517817,3.517265,3.238404,-0.278861,-7.928355,3.932585,3.460722,-0.471863,-11.998799,4.617013,4.285212,-0.331801,-7.186484,96.438356,96.438356,0.000000,2.360104,2.273358,-0.086746,-3.675495,840.970154,809.978394,-30.991760,-3.685239,2.360104,2.273358,-0.086746,0,0,0,0,0,0,6.524151,5.612540,-0.911611,24.159608,23.200289,-0.959318,3.975778,80.135002,27.924976,-52.210026,-65.152580,4.641281,21.066347,10.644903,-10.421444,-49.469631,2005,tp,Precipitation,mm/day,precipitation,365
365,2.232165,2.122554,-0.109611,0.322712,0.413419,0.911076,0.000000,0.830060,0.436835,365,365,-0.109611,0.946397,0.780442,0.824646,0.087671,0.120960,2.150846,2.040752,-0.110094,-5.118619,2.714939,2.555079,-0.159860,-5.888158,3.385139,3.144610,-0.240529,-7.105435,3.940125,3.622132,-0.317993,-8.070636,5.411720,4.345145,-1.066575,-19.708612,92.876712,93.424658,0.547945,2.345248,2.216695,-0.128553,-5.481430,814.740234,774.732178,-40.008057,-4.910529,2.345248,2.216695,-0.128553,0,0,0,0,0,0,6.001742,5.194961,-0.806781,19.664637,18.147467,-1.517170,3.958341,80.879616,43.752579,-37.127037,-45.904072,5.436559,23.194475,0.000000,-23.194475,-100.000000,2006,tp,Precipitation,mm/day,precipitation,365
365,2.216941,2.182502,-0.034440,0.308739,0.399375,0.890945,0.000000,0.793782,0.460463,365,365,-0.034440,0.867334,0.716326,0.825893,0.065753,0.409573,2.166380,2.152823,-0.013557,-0.625810,2.695138,2.614953,-0.080185,-2.975170,3.223099,3.060408,-0.162691,-5.047647,3.744345,3.314579,-0.429766,-11.477740,4.921784,4.166715,-0.755069,-15.341373,93.698630,96.712329,3.013699,2.313454,2.228717,-0.084737,-3.662785,809.183594,796.613098,-12.570496,-1.553479,2.313454,2.228717,-0.084737,0,0,0,0,0,0,5.762724,5.207611,-0.555114,19.603944,17.791722,-1.812222,3.812360,79.498253,31.208582,-48.289673,-60.743061,4.968450,21.687561,10.407879,-11.279682,-52.009918,2007,tp,Precipitation,mm/day,precipitation,365
366,2.339685,2.202798,-0.136887,0.361113,0.456582,0.887889,0.000000,0.788346,0.489168,366,366,-0.136887,0.933386,0.755702,0.809635,0.117486,0.012734,2.266971,2.167867,-0.099103,-4.371625,2.981223,2.699511,-0.281712,-9.449554,3.518538,3.126869,-0.391670,-11.131598,3.809298,3.467575,-0.341723,-8.970772,5.011188,4.482180,-0.529008,-10.556537,94.808743,96.174863,1.366120,2.426477,2.256727,-0.169750,-6.995728,856.324585,806.224121,-50.100464,-5.850639,2.426477,2.256727,-0.169750,0,0,0,0,0,0,5.818881,4.844831,-0.974050,24.166843,22.447433,-1.719410,3.866724,80.595718,35.145592,-45.450127,-56.392731,5.019446,21.730904,0.000000,-21.730904,-100.000000,2008,tp,Precipitation,mm/day,precipitation,366
365,2.356729,2.179813,-0.176916,0.335084,0.429117,0.911689,0.000000,0.831177,0.464610,365,365,-0.176916,0.923608,0.748087,0.809962,0.106849,0.030924,2.317635,2.231886,-0.085749,-3.699856,2.944896,2.626845,-0.318052,-10.800094,3.558500,3.174001,-0.384499,-10.805081,3.955563,3.399884,-0.555678,-14.048023,4.753988,3.943447,-0.810541,-17.049713,93.150685,92.876712,-0.273973,2.471197,2.282434,-0.188763,-7.638530,860.205933,795.631592,-64.574341,-7.506847,2.471197,2.282434,-0.188763,0,0,0,0,0,0,5.681617,4.783262,-0.898355,19.579491,17.920687,-1.658804,4.053215,76.548767,13.195827,-63.352940,-82.761543,4.759171,20.258120,4.783262,-15.474857,-76.388420,2009,tp,Precipitation,mm/day,precipitation,365
365,2.342787,2.235816,-0.106971,0.330830,0.424271,0.922559,0.000000,0.851116,0.414049,365,365,-0.106971,1.024686,0.834711,0.814602,0.084932,0.143755,2.167964,2.069825,-0.098138,-4.526741,2.904571,2.773738,-0.130834,-4.504404,3.625448,3.355435,-0.270013,-7.447710,4.364583,3.871752,-0.492830,-11.291579,5.387241,4.367144,-1.020097,-18.935431,92.328767,95.342466,3.013699,2.471287,2.301691,-0.169596,-6.862676,855.117249,816.072937,-39.044312,-4.565960,2.471287,2.301691,-0.169596,0,0,0,0,0,0,5.701801,5.432561,-0.269239,22.351956,18.614316,-3.737640,4.431715,86.532593,14.862543,-71.670052,-82.824348,5.400836,22.130867,5.432561,-16.698305,-75.452560,2010,tp,Precipitation,mm/day,precipitation,365
365,2.173659,2.060330,-0.113328,0.339022,0.429810,0.878727,0.000000,0.772161,0.501286,365,365,-0.113328,0.857415,0.687136,0.801404,0.082192,0.169891,2.080881,1.956617,-0.124264,-5.971706,2.703586,2.519895,-0.183691,-6.794330,3.331809,3.033612,-0.298196,-8.949983,3.816193,3.264339,-0.551853,-14.460837,4.450895,3.868441,-0.582454,-13.086216,93.972603,95.342466,1.369863,2.263213,2.122297,-0.140916,-6.226363,793.385376,752.020569,-41.364807,-5.213709,2.263213,2.122297,-0.140916,0,0,0,0,0,0,4.995999,4.168391,-0.827608,20.081936,17.594409,-2.487527,3.847132,75.578041,16.096298,-59.481743,-78.702415,4.452646,18.678926,0.000000,-18.678926,-100.000000,2011,tp,Precipitation,mm/day,precipitation,365
366,2.176043,2.120295,-0.055748,0.308583,0.397659,0.887836,0.000000,0.788253,0.473035,366,366,-0.055748,0.840654,0.672993,0.800559,0.073770,0.272467,2.100557,2.066739,-0.033819,-1.609988,2.674625,2.550986,-0.123639,-4.622679,3.375460,3.032731,-0.342730,-10.153572,3.711442,3.282894,-0.428548,-11.546669,4.356211,3.761324,-0.594887,-13.656061,92.896175,95.081967,2.185792,2.283053,2.186354,-0.096699,-4.235503,796.431641,776.027832,-20.403809,-2.561903,2.283053,2.186354,-0.096699,0,0,0,0,0,0,4.985796,4.191907,-0.793889,21.243193,17.527665,-3.715528,3.773205,70.640656,15.950352,-54.690304,-77.420433,4.371043,18.599289,0.000000,-18.599289,-100.000000,2012,tp,Precipitation,mm/day,precipitation,366
365,2.306694,2.182065,-0.124629,0.328211,0.422214,0.908752,0.000000,0.825830,0.444058,365,365,-0.124629,0.950808,0.791413,0.832359,0.090411,0.101214,2.326085,2.166854,-0.159231,-6.845468,2.844086,2.713850,-0.130236,-4.579175,3.531028,3.146931,-0.384096,-10.877750,4.043355,3.487471,-0.555884,-13.748086,4.747865,4.038270,-0.709594,-14.945545,92.054795,94.520548,2.465753,2.443066,2.265803,-0.177263,-7.255779,841.943420,796.453735,-45.489685,-5.402939,2.443066,2.265803,-0.177263,0,0,0,0,0,0,6.154093,5.521180,-0.632913,20.501140,20.164414,-0.336726,4.078297,78.203659,15.201884,-63.001774,-80.561157,4.755008,21.817162,15.201884,-6.615277,-30.321438,2013,tp,Precipitation,mm/day,precipitation,365
365,2.393170,2.292400,-0.100770,0.336467,0.430216,0.898221,0.000000,0.806801,0.454799,365,365,-0.100770,0.945948,0.804349,0.850311,0.079452,0.199648,2.333468,2.303716,-0.029752,-1.275033,2.923311,2.764506,-0.158805,-5.432365,3.599668,3.289836,-0.309831,-8.607222,4.005527,3.665982,-0.339546,-8.476930,5.102656,4.276211,-0.826445,-16.196362,95.342466,94.794521,-0.547945,2.474791,2.374184,-0.100607,-4.065279,873.507080,836.725891,-36.781189,-4.210749,2.474791,2.374184,-0.100607,0,0,0,0,0,0,6.250794,5.209239,-1.041555,22.019134,18.442706,-3.576428,4.006502,84.639030,43.600002,-41.039028,-48.487122,5.107134,22.173719,5.209239,-16.964479,-76.507149,2014,tp,Precipitation,mm/day,precipitation,365
365,2.426229,2.319166,-0.107064,0.360717,0.469681,0.880609,0.000000,0.775472,0.494425,365,365,-0.107064,0.949953,0.755785,0.795603,0.098630,0.057357,2.315272,2.283074,-0.032198,-1.390667,2.953939,2.763129,-0.190810,-6.459518,3.655874,3.278676,-0.377198,-10.317587,4.074965,3.719246,-0.355719,-8.729372,5.406477,4.456827,-0.949650,-17.565048,96.164384,98.082192,1.917808,2.493116,2.349854,-0.143262,-5.746300,885.573730,846.495483,-39.078247,-4.412760,2.493116,2.349854,-0.143262,0,0,0,0,0,0,6.265431,4.854663,-1.410768,20.747518,19.212010,-1.535508,4.084705,87.571663,39.886795,-47.684868,-54.452396,5.411777,23.463322,0.000000,-23.463322,-100.000008,2015,tp,Precipitation,mm/day,precipitation,365
366,2.417979,2.283738,-0.134241,0.322011,0.415020,0.888002,0.000000,0.788548,0.493832,366,366,-0.134241,0.840408,0.676457,0.804915,0.109290,0.025193,2.336370,2.257326,-0.079044,-3.383211,2.936594,2.683361,-0.253232,-8.623341,3.509023,3.158615,-0.350408,-9.985909,3.987456,3.527956,-0.459500,-11.523627,4.571098,3.909349,-0.661750,-14.476818,96.721311,97.540984,0.819672,2.474053,2.319422,-0.154631,-6.250105,884.980408,835.848145,-49.132263,-5.551791,2.474053,2.319422,-0.154631,0,0,0,0,0,0,5.618443,4.284552,-1.333891,18.332622,18.437951,0.105329,4.003189,78.690269,12.568191,-66.122078,-84.028282,4.571249,19.884731,0.000000,-19.884731,-100.000000,2016,tp,Precipitation,mm/day,precipitation,366
365,2.483242,2.261372,-0.221870,0.399455,0.496495,0.889180,0.000000,0.790641,0.523148,365,365,-0.221870,0.949053,0.750548,0.790838,0.134247,0.002751,2.401053,2.220258,-0.180796,-7.529857,3.147301,2.750132,-0.397169,-12.619363,3.743830,3.267646,-0.476185,-12.719182,4.116356,3.591686,-0.524671,-12.746001,4.600276,3.928072,-0.672204,-14.612244,95.342466,95.068493,-0.273973,2.566555,2.334700,-0.231855,-9.033719,906.383240,825.400757,-80.982483,-8.934684,2.566555,2.334700,-0.231855,0,0,0,0,0,0,5.954791,4.639492,-1.315299,19.703509,18.303680,-1.399828,4.133043,81.496056,8.912756,-72.583298,-89.063568,4.633046,20.751820,4.639492,-16.112328,-77.642967,2017,tp,Precipitation,mm/day,precipitation,365
365,2.537142,2.291945,-0.245196,0.380983,0.486536,0.918026,0.000000,0.842771,0.475618,365,365,-0.245196,1.022954,0.829252,0.810644,0.142466,0.001194,2.474934,2.248271,-0.226662,-9.158313,3.131274,2.778258,-0.353016,-11.273868,3.734097,3.275299,-0.458799,-12.286741,4.206809,3.833961,-0.372848,-8.862954,5.653511,4.726288,-0.927222,-16.400824,96.164384,95.342466,-0.821918,2.606137,2.362052,-0.244085,-9.365780,926.056641,836.559998,-89.496643,-9.664273,2.606137,2.362052,-0.244085,0,0,0,0,0,0,6.628098,5.136969,-1.491129,27.441519,23.395299,-4.046220,4.231600,93.771271,42.133274,-51.637997,-55.068035,5.675305,24.846222,0.000000,-24.846222,-99.999992,2018,tp,Precipitation,mm/day,precipitation,365
365,2.591146,2.333769,-0.257377,0.409203,0.511560,0.880909,0.000000,0.776001,0.560300,365,365,-0.257377,0.913010,0.710854,0.778584,0.169863,0.000051,2.504830,2.287340,-0.217490,-8.682825,3.145161,2.735483,-0.409678,-13.025659,3.812275,3.249050,-0.563225,-14.773980,4.200094,3.506446,-0.693647,-16.515045,5.064326,4.223409,-0.840917,-16.604721,97.808219,97.808219,0.000000,2.628934,2.365888,-0.263046,-10.005816,945.768311,851.825806,-93.942505,-9.932930,2.628934,2.365888,-0.263046,0,0,0,0,0,0,5.869283,5.070620,-0.798663,20.630111,16.651704,-3.978407,4.205286,85.970894,18.763729,-67.207169,-78.174324,5.075438,22.061050,0.000000,-22.061050,-100.000000,2019,tp,Precipitation,mm/day,precipitation,365
366,2.294787,2.165638,-0.129150,0.354718,0.447934,0.889613,0.000000,0.791411,0.487355,366,366,-0.129149,0.919113,0.729588,0.793795,0.092896,0.084956,2.168080,2.147268,-0.020812,-0.959918,2.839501,2.657194,-0.182308,-6.420413,3.521672,3.089491,-0.432181,-12.272049,3.879322,3.376528,-0.502794,-12.960868,4.787850,3.980941,-0.806909,-16.853256,94.808743,96.448087,1.639344,2.374718,2.214260,-0.160458,-6.756913,839.892090,792.623413,-47.268677,-5.627946,2.374718,2.214260,-0.160458,0,0,0,0,0,0,6.639627,4.822062,-1.817565,18.257426,16.603928,-1.653498,3.900640,80.936745,25.201551,-55.735191,-68.862656,4.855600,22.238255,0.000000,-22.238255,-100.000000,2020,tp,Precipitation,mm/day,precipitation,366
